estimated_duration_hours,difficulty_score,priority_score,task_type_score,subject_has_events,hours_until_next_subject_event,day_load_score,free_hours_today,days_until_deadline,recommended_deadline_hours,data_source
5,1,2,2,0,0,46,2,14,76,synthetic
0.5,4,1,2,1,18,97,7,5,28,synthetic
4,1,2,2,1,12,94,1,4,30,synthetic
1,3,3,5,0,0,95,6,7,82,synthetic
1.5,2,3,1,1,6,77,2,7,24,synthetic
0.5,2,4,4,0,0,91,6,7,62.0,synthetic
1.5,5,4,4,1,48,70,6,5,52,synthetic
3,1,1,3,0,0,100,5,4,48,synthetic
0.5,1,1,5,0,0,0,7,14,66.0,synthetic
4,4,3,3,1,72,4,7,7,70,synthetic
0.5,3,1,1,0,0,18,6,5,70.0,synthetic
1,3,4,1,1,12,20,3,4,10,synthetic
3,4,3,3,0,0,91,3,5,92,synthetic
2,5,3,5,0,0,90,4,4,48,synthetic
3,2,3,1,1,18,64,6,1,22,synthetic
1.5,5,3,1,1,18,42,7,7,16,synthetic
1.5,1,1,1,1,36,62,1,3,48,synthetic
1.5,3,3,1,0,0,91,3,7,72.0,synthetic
2,3,3,2,0,0,76,4,3,48,synthetic
0.5,3,3,5,0,0,45,5,2,24,synthetic
0.5,5,4,5,1,6,36,7,3,4,synthetic
5,4,1,2,1,36,56,7,4,40,synthetic
3,5,4,5,0,0,68,5,7,93,synthetic
1,3,2,5,1,6,51,6,2,4,synthetic
1,2,1,4,1,6,56,1,7,18,synthetic
6,2,4,3,0,0,57,4,5,75,synthetic
1.5,3,2,5,1,6,37,2,2,12,synthetic
6,1,3,2,0,0,44,4,7,65,synthetic
3,4,4,3,1,6,80,1,14,24,synthetic
5,4,2,1,1,12,26,5,10,10,synthetic
1.5,4,2,2,0,0,92,3,2,24,synthetic
2,2,1,5,0,0,18,4,10,80,synthetic
1.5,4,2,5,0,0,66,7,1,24,synthetic
2,2,2,1,0,0,37,7,5,61,synthetic
1,1,3,3,1,48,10,7,10,46,synthetic
4,2,1,2,1,18,10,4,7,16,synthetic
5,4,3,1,1,72,98,1,14,90,synthetic
6,3,2,3,0,0,84,2,2,24,synthetic
4,1,1,4,0,0,2,5,14,77,synthetic
5,2,3,2,0,0,93,1,5,89,synthetic
3,1,3,1,1,6,11,3,14,4,synthetic
4,5,3,4,1,12,63,6,3,16,synthetic
1,4,3,3,0,0,28,5,5,72,synthetic
0.5,3,1,3,0,0,60,6,5,82.0,synthetic
4,1,3,2,1,24,13,3,5,22,synthetic
2,5,2,5,0,0,92,6,7,109,synthetic
1,4,2,4,0,0,45,7,5,82,synthetic
2,1,2,3,1,72,14,6,5,59,synthetic
6,4,3,2,1,36,47,2,1,24,synthetic
2,1,3,5,1,12,72,1,4,24,synthetic
2,1,3,5,0,0,81,7,10,70,synthetic
1,1,3,5,1,48,10,6,3,46,synthetic
3,1,4,5,1,36,35,1,5,42,synthetic
4,2,1,3,0,0,44,2,4,48,synthetic
6,5,1,2,1,36,68,6,5,40,synthetic
6,3,2,5,1,36,72,2,1,24,synthetic
6,5,2,1,0,0,25,7,14,101,synthetic
2,4,4,4,0,0,66,5,1,24,synthetic
0.5,2,2,2,1,72,69,5,4,48,synthetic
4,1,3,1,0,0,61,2,14,68,synthetic
2,3,3,1,0,0,97,4,7,74,synthetic
1.5,1,1,5,0,0,20,5,4,48,synthetic
0.5,1,3,2,0,0,90,5,14,55.0,synthetic
3,5,3,2,0,0,57,7,4,48,synthetic
0.5,5,1,5,0,0,65,1,5,112.0,synthetic
0.5,3,1,1,1,6,34,2,2,12,synthetic
0.5,1,1,2,1,6,30,3,1,4,synthetic
2,2,4,1,0,0,15,6,1,24,synthetic
2,5,3,3,1,18,92,1,4,36,synthetic
1,4,3,3,0,0,51,4,2,24,synthetic
1,2,2,1,0,0,34,2,14,65,synthetic
4,3,2,4,0,0,72,1,2,24,synthetic
1.5,1,4,3,1,72,47,3,4,43.0,synthetic
4,4,4,2,1,12,14,6,5,10,synthetic
6,4,2,2,1,24,69,5,3,28,synthetic
1.5,3,4,3,0,0,93,1,4,48,synthetic
5,5,4,5,1,48,61,6,4,48,synthetic
5,2,1,1,1,36,21,4,3,34,synthetic
1.5,4,3,4,1,24,73,2,3,36,synthetic
1,5,4,5,0,0,10,2,1,24,synthetic
4,5,3,2,0,0,24,6,10,89,synthetic
4,4,1,2,1,18,78,3,7,28,synthetic
3,4,2,4,1,72,61,7,5,76,synthetic
0.5,2,4,1,1,36,4,4,4,34,synthetic
1,5,3,5,1,12,27,7,4,10,synthetic
3,2,1,1,1,24,67,2,10,36,synthetic
0.5,2,2,1,1,12,12,1,2,18,synthetic
0.5,4,3,4,1,12,91,5,14,22,synthetic
0.5,4,2,5,1,24,86,6,5,34,synthetic
5,4,1,1,0,0,42,6,2,24,synthetic
1.5,4,3,1,1,24,73,6,14,28,synthetic
2,4,4,2,0,0,75,1,1,24,synthetic
0.5,5,1,2,1,6,13,1,14,12,synthetic
1.5,1,2,4,0,0,49,5,1,24,synthetic
2,2,2,4,1,12,28,4,1,10,synthetic
1,1,3,5,1,24,28,4,1,22,synthetic
5,5,4,3,1,18,55,5,10,16,synthetic
2,4,1,2,0,0,61,2,4,48,synthetic
6,4,4,1,0,0,60,5,2,24,synthetic
3,3,2,5,1,72,0,4,3,48,synthetic
1,5,3,1,1,36,15,5,5,34,synthetic
1.5,5,3,5,1,36,17,4,5,34,synthetic
0.5,2,4,4,0,0,59,6,4,48,synthetic
1.5,2,4,2,1,24,87,1,2,24,synthetic
1,4,1,1,0,0,41,4,2,24,synthetic
1,1,3,5,0,0,79,7,5,66,synthetic
6,3,4,4,0,0,36,3,4,48,synthetic
6,3,3,4,1,36,35,3,5,34,synthetic
6,4,2,5,0,0,51,4,1,24,synthetic
1,3,4,2,1,18,34,4,7,16,synthetic
1.5,2,2,3,0,0,6,3,3,48,synthetic
5,5,1,5,0,0,62,1,10,130,synthetic
5,1,2,4,0,0,69,7,14,80,synthetic
2,1,3,4,0,0,55,6,10,55,synthetic
3,2,3,2,0,0,20,5,1,24,synthetic
0.5,5,2,4,0,0,86,5,14,100.0,synthetic
1.5,1,2,3,1,12,55,5,4,10,synthetic
1.5,4,3,2,1,24,52,3,1,22,synthetic
2,1,1,1,1,18,89,7,5,28,synthetic
2,2,1,3,0,0,30,7,1,24,synthetic
1,2,4,1,0,0,97,1,5,63,synthetic
3,3,1,2,0,0,54,5,1,24,synthetic
1,2,2,4,1,24,83,5,5,34,synthetic
1.5,4,4,5,0,0,8,7,7,73.0,synthetic
1,3,3,3,1,6,49,2,5,12,synthetic
3,2,4,5,0,0,56,1,3,48,synthetic
4,4,3,3,1,6,45,6,5,4,synthetic
2,5,3,5,0,0,58,3,7,96,synthetic
5,1,2,5,1,24,8,5,1,22,synthetic
4,1,1,3,1,18,23,3,1,16,synthetic
5,3,4,3,1,18,39,7,1,16,synthetic
3,3,1,4,0,0,88,7,14,101,synthetic
1,5,1,2,0,0,28,3,5,91,synthetic
0.5,3,2,1,1,6,69,1,3,18,synthetic
6,1,1,2,0,0,60,4,10,85,synthetic
3,3,2,3,0,0,70,2,10,93,synthetic
1.5,5,2,3,1,72,80,1,1,24,synthetic
1,2,3,3,1,48,96,3,7,58,synthetic
5,3,3,5,1,24,51,4,7,22,synthetic
5,2,4,2,0,0,23,2,10,70,synthetic
6,3,3,4,1,36,6,7,5,34,synthetic
5,2,3,1,1,12,75,3,10,16,synthetic
4,5,1,4,1,48,7,2,3,48,synthetic
1,3,2,4,1,72,46,2,2,24,synthetic
2,4,1,2,0,0,36,7,10,87,synthetic
1.5,3,2,4,1,6,18,4,10,4,synthetic
1,3,2,2,1,6,2,5,2,4,synthetic
6,2,1,3,0,0,76,6,14,102,synthetic
1.5,4,3,3,0,0,17,4,5,74.0,synthetic
2,1,3,5,0,0,26,4,1,24,synthetic
4,2,4,1,1,18,99,2,1,24,synthetic
1.5,5,2,1,0,0,76,6,2,24,synthetic
4,3,4,1,0,0,70,1,14,77,synthetic
4,2,4,5,1,72,99,1,10,87,synthetic
1.5,3,4,3,0,0,88,7,3,48,synthetic
4,4,4,5,1,48,87,4,1,24,synthetic
5,3,1,2,1,48,44,5,4,46,synthetic
2,2,1,5,0,0,32,1,14,88,synthetic
5,2,1,3,1,72,35,6,1,24,synthetic
5,5,3,5,0,0,35,7,3,48,synthetic
6,2,1,3,0,0,45,3,14,90,synthetic
4,1,4,1,1,36,40,2,14,42,synthetic
0.5,4,1,5,0,0,99,4,3,48,synthetic
4,5,4,1,1,24,12,3,4,22,synthetic
0.5,1,2,4,0,0,63,7,4,48,synthetic
4,5,3,5,1,6,84,5,3,16,synthetic
1.5,1,3,1,0,0,11,6,2,24,synthetic
3,1,4,3,0,0,10,4,5,49,synthetic
3,2,1,2,1,72,83,4,1,24,synthetic
5,4,2,3,1,6,34,6,1,4,synthetic
1.5,1,1,5,1,6,8,2,3,12,synthetic
4,5,4,5,1,36,19,4,2,24,synthetic
4,3,1,4,0,0,22,6,7,93,synthetic
1,5,3,4,0,0,0,3,5,83,synthetic
2,4,3,1,0,0,13,7,3,48,synthetic
3,1,1,4,1,18,7,4,14,16,synthetic
0.5,4,1,5,0,0,54,4,2,24,synthetic
5,2,4,1,0,0,46,7,7,59,synthetic
2,1,3,2,0,0,72,6,2,24,synthetic
4,4,2,2,0,0,29,3,7,88,synthetic
0.5,1,3,4,1,6,65,2,3,18,synthetic
6,4,1,3,0,0,68,4,1,24,synthetic
2,2,3,1,0,0,5,1,7,62,synthetic
6,5,3,1,0,0,16,5,5,94,synthetic
3,2,3,5,1,36,48,6,10,34,synthetic
4,1,3,4,1,6,5,5,14,4,synthetic
1.5,1,1,2,1,36,7,6,1,24,synthetic
0.5,4,1,5,1,18,13,3,10,16,synthetic
3,1,1,4,0,0,7,7,14,73,synthetic
6,1,3,3,0,0,37,4,7,68,synthetic
1.5,5,3,2,1,18,82,2,2,24,synthetic
0.5,3,1,3,0,0,33,7,2,24,synthetic
1.5,1,1,3,0,0,13,6,1,24,synthetic
1.5,1,4,4,1,24,95,3,5,34,synthetic
1,2,1,5,1,18,2,3,1,16,synthetic
5,2,4,2,0,0,87,5,14,74,synthetic
5,1,3,3,0,0,93,1,14,84,synthetic
1,4,1,5,1,24,70,3,14,28,synthetic
1,2,2,5,1,36,54,1,10,42,synthetic
0.5,1,4,1,1,48,12,5,14,33.0,synthetic
1,2,4,2,0,0,31,4,5,46,synthetic
5,5,4,1,1,24,92,6,1,24,synthetic
2,2,2,1,0,0,28,4,2,24,synthetic
1.5,5,2,1,1,24,79,5,1,24,synthetic
4,5,2,2,0,0,27,2,4,48,synthetic
4,1,2,3,0,0,60,2,1,24,synthetic
1,1,4,1,0,0,11,3,4,35,synthetic
6,4,4,2,0,0,5,5,2,24,synthetic
2,1,2,5,0,0,92,5,14,77,synthetic
2,2,4,5,0,0,60,2,3,48,synthetic
0.5,5,1,4,0,0,39,4,10,95.0,synthetic
1,2,1,5,1,12,30,6,14,10,synthetic
3,5,4,5,0,0,5,3,14,87,synthetic
1.5,5,3,5,0,0,0,3,10,88.0,synthetic
1,1,1,4,1,72,39,1,3,48,synthetic
1.5,1,4,1,0,0,12,2,7,45.0,synthetic
0.5,2,2,5,0,0,65,5,10,73.0,synthetic
0.5,2,2,3,1,48,52,5,14,46,synthetic
1,4,4,2,1,72,30,1,14,70,synthetic
0.5,4,3,5,1,18,72,4,2,22,synthetic
2,5,2,3,1,72,68,2,14,84,synthetic
6,2,2,4,0,0,17,4,7,86,synthetic
0.5,3,4,3,1,36,48,6,5,34,synthetic
2,3,2,3,0,0,12,4,2,24,synthetic
5,4,4,3,0,0,7,7,14,81,synthetic
5,1,2,2,0,0,92,5,5,80,synthetic
1,4,3,5,1,6,31,1,10,12,synthetic
2,4,1,2,0,0,57,5,4,48,synthetic
4,5,3,2,1,48,57,6,5,52,synthetic
4,5,2,2,0,0,48,6,2,24,synthetic
1.5,2,2,1,0,0,88,4,14,71.0,synthetic
1.5,4,1,2,0,0,29,6,1,24,synthetic
5,2,4,4,1,12,4,4,3,10,synthetic
5,1,4,2,0,0,23,6,14,54,synthetic
3,1,1,3,1,36,44,6,2,24,synthetic
2,3,2,3,0,0,75,6,3,48,synthetic
3,1,3,1,0,0,72,3,3,48,synthetic
2,1,1,1,1,12,90,5,1,22,synthetic
2,3,1,3,1,36,47,4,7,34,synthetic
1,4,2,3,0,0,87,5,1,24,synthetic
0.5,2,4,3,1,6,26,7,14,4,synthetic
5,1,3,4,0,0,76,2,7,87,synthetic
3,1,1,3,0,0,71,1,2,24,synthetic
6,5,1,5,1,12,95,5,3,22,synthetic
3,5,1,3,1,48,92,1,10,66,synthetic
4,1,2,3,1,48,23,3,14,46,synthetic
2,3,4,1,1,48,75,6,3,48,synthetic
0.5,4,2,3,1,12,62,1,10,24,synthetic
6,1,4,3,1,48,64,2,14,60,synthetic
5,4,1,5,0,0,51,1,3,48,synthetic
0.5,1,4,1,1,36,28,5,4,33.0,synthetic
0.5,2,1,5,0,0,89,3,7,86.0,synthetic
3,2,3,4,0,0,8,3,3,48,synthetic
0.5,1,2,2,1,6,99,7,1,16,synthetic
0.5,5,2,1,0,0,38,6,14,79.0,synthetic
2,4,1,5,0,0,27,1,2,24,synthetic
3,4,2,3,1,72,27,3,2,24,synthetic
4,5,2,4,1,48,54,6,5,46,synthetic
6,4,1,1,0,0,94,2,4,48,synthetic
6,1,4,4,1,18,74,4,1,22,synthetic
0.5,4,3,1,1,48,21,6,1,24,synthetic
5,1,3,2,1,18,88,1,14,36,synthetic
0.5,1,2,4,1,48,78,6,7,58,synthetic
3,3,4,1,0,0,9,4,14,59,synthetic
4,4,3,4,1,36,92,7,1,24,synthetic
5,5,2,3,1,24,97,2,7,42,synthetic
1.5,3,2,3,0,0,82,7,10,85.0,synthetic
1,3,1,4,1,48,47,3,2,24,synthetic
6,2,2,5,0,0,91,2,5,109,synthetic
3,3,1,2,1,6,59,6,3,10,synthetic
2,4,1,3,1,18,74,3,14,22,synthetic
3,1,1,4,0,0,5,6,4,48,synthetic
6,3,3,5,0,0,73,4,2,24,synthetic
6,4,2,3,1,36,71,7,1,24,synthetic
2,1,2,3,0,0,87,3,5,71,synthetic
5,1,3,3,0,0,92,7,1,24,synthetic
1.5,3,4,3,0,0,13,3,4,48,synthetic
3,2,3,4,0,0,78,1,1,24,synthetic
6,3,1,3,0,0,74,5,5,104,synthetic
4,3,1,1,1,36,72,6,1,24,synthetic
4,5,4,4,1,18,97,1,5,36,synthetic
1,1,4,2,0,0,65,7,5,44,synthetic
2,3,4,5,1,12,33,5,14,10,synthetic
2,1,1,3,1,48,91,1,4,48,synthetic
5,1,3,2,1,18,45,7,14,16,synthetic
6,3,4,4,0,0,6,5,7,80,synthetic
6,5,2,4,0,0,17,7,2,24,synthetic
0.5,1,1,4,1,12,74,7,7,16,synthetic
2,4,3,1,0,0,81,6,10,82,synthetic
6,2,1,4,1,6,17,7,14,4,synthetic
2,2,4,4,0,0,96,1,2,24,synthetic
5,3,1,3,1,72,83,3,4,48,synthetic
5,1,1,4,0,0,10,3,3,48,synthetic
0.5,3,3,5,0,0,30,7,3,48,synthetic
1.5,3,4,4,1,6,94,3,1,16,synthetic
1,2,2,5,1,36,46,7,10,34,synthetic
1.5,3,4,2,1,6,3,7,10,4,synthetic
1.5,5,3,1,1,36,98,4,3,46,synthetic
3,3,3,1,0,0,59,6,7,72,synthetic
1,3,1,1,0,0,1,5,7,72,synthetic
6,3,2,5,1,18,5,2,3,24,synthetic
1.5,4,4,5,0,0,22,3,1,24,synthetic
1,5,3,3,1,12,19,5,2,10,synthetic
5,2,4,2,1,48,69,2,4,48,synthetic
3,1,1,4,0,0,71,7,7,79,synthetic
5,3,1,5,1,48,92,2,7,66,synthetic
2,2,2,3,1,6,44,6,1,4,synthetic
5,5,4,4,1,24,23,6,10,22,synthetic
0.5,4,1,1,0,0,59,5,4,48,synthetic
0.5,4,2,5,0,0,95,1,14,103.0,synthetic
1.5,2,1,5,1,24,48,6,1,22,synthetic
1.5,3,4,1,0,0,51,4,7,53.0,synthetic
4,4,3,5,0,0,34,4,1,24,synthetic
5,5,3,4,1,12,35,1,4,18,synthetic
5,3,2,4,0,0,13,2,3,48,synthetic
1.5,2,1,2,0,0,89,1,5,89.0,synthetic
4,5,1,5,0,0,68,7,3,48,synthetic
6,4,4,4,1,12,55,4,10,10,synthetic
0.5,5,1,1,1,18,7,5,4,16,synthetic
1,3,3,5,0,0,99,2,3,48,synthetic
5,4,4,5,1,36,25,7,14,34,synthetic
1.5,2,2,4,1,36,70,6,3,40,synthetic
6,3,3,2,1,36,1,4,2,24,synthetic
4,5,3,5,1,24,38,2,7,30,synthetic
4,1,1,1,1,12,98,3,5,22,synthetic
1.5,1,1,2,0,0,79,5,4,48,synthetic
3,3,2,1,0,0,100,1,14,93,synthetic
1,5,4,5,1,24,84,7,7,34,synthetic
5,5,2,4,0,0,2,2,14,114,synthetic
1.5,5,1,1,0,0,92,4,14,102.0,synthetic
2,3,2,2,1,72,43,6,1,24,synthetic
0.5,5,2,3,0,0,3,4,2,24,synthetic
1,3,1,2,0,0,81,7,4,48,synthetic
3,5,1,3,1,48,34,6,4,46,synthetic
1.5,5,1,4,0,0,67,1,4,48,synthetic
1,3,4,4,1,12,66,1,5,24,synthetic
4,1,1,4,1,6,78,5,14,16,synthetic
5,1,4,2,1,48,38,6,1,24,synthetic
5,2,4,5,1,6,33,1,1,12,synthetic
2,5,1,2,0,0,37,3,3,48,synthetic
3,1,2,2,1,48,27,6,4,46,synthetic
6,5,3,3,0,0,40,2,10,108,synthetic
4,2,4,1,0,0,70,4,2,24,synthetic
5,4,1,5,1,6,7,1,7,12,synthetic
1,1,3,3,0,0,77,5,5,60,synthetic
6,5,4,4,0,0,58,7,10,102,synthetic
3,3,2,3,0,0,64,1,1,24,synthetic
5,1,4,2,1,48,17,3,14,46,synthetic
0.5,3,3,1,1,48,69,5,4,48,synthetic
3,5,1,4,0,0,39,4,1,24,synthetic
2,3,2,5,1,48,99,1,14,66,synthetic
0.5,4,4,1,1,6,41,6,10,4,synthetic
4,2,1,4,0,0,86,7,2,24,synthetic
4,1,1,5,0,0,27,6,2,24,synthetic
1.5,2,3,2,1,6,47,2,2,12,synthetic
2,2,4,2,0,0,72,4,7,56,synthetic
1,3,4,5,1,18,53,1,14,24,synthetic
2,1,2,4,1,24,96,4,5,34,synthetic
4,1,2,5,1,24,7,5,3,22,synthetic
2,3,2,5,0,0,27,1,2,24,synthetic
3,4,2,4,1,36,76,1,1,24,synthetic
1,4,4,3,0,0,37,1,5,73,synthetic
4,4,4,3,1,18,85,1,4,36,synthetic
6,4,3,5,1,6,92,7,2,16,synthetic
5,2,1,3,1,72,6,3,1,24,synthetic
5,4,4,4,0,0,43,4,3,48,synthetic
3,3,2,3,0,0,7,7,2,24,synthetic
5,5,1,2,0,0,76,2,2,24,synthetic
0.5,4,1,5,0,0,37,1,1,24,synthetic
0.5,3,2,4,1,48,18,7,3,46,synthetic
6,2,4,5,1,18,47,6,2,16,synthetic
0.5,5,1,1,1,36,17,5,1,24,synthetic
3,1,4,2,0,0,74,2,5,60,synthetic
4,3,4,2,0,0,59,5,1,24,synthetic
0.5,4,3,2,1,48,26,1,5,54,synthetic
1.5,5,4,2,1,6,99,4,5,16,synthetic
4,2,1,1,0,0,98,3,1,24,synthetic
5,3,1,1,1,72,28,1,7,78,synthetic
1,5,2,1,1,48,9,3,2,24,synthetic
1,2,1,3,1,18,56,4,4,22,synthetic
6,3,3,5,1,18,23,1,10,24,synthetic
3,3,1,3,0,0,73,6,1,24,synthetic
5,4,1,1,0,0,69,7,1,24,synthetic
2,3,3,2,0,0,78,6,10,77,synthetic
2,2,4,5,1,18,83,6,7,28,synthetic
3,4,3,5,0,0,86,3,7,98,synthetic
0.5,5,2,3,0,0,44,1,3,48,synthetic
6,4,1,2,0,0,68,3,7,109,synthetic
1,2,1,4,0,0,28,1,4,48,synthetic
0.5,4,1,5,0,0,75,5,1,24,synthetic
4,3,3,2,0,0,52,7,10,73,synthetic
2,1,1,5,1,12,6,2,3,18,synthetic
4,3,4,2,1,12,72,7,2,16,synthetic
3,1,1,2,1,48,83,7,7,58,synthetic
5,5,4,4,1,6,33,2,3,12,synthetic
4,2,1,3,0,0,82,7,3,48,synthetic
5,2,3,4,1,36,17,1,3,42,synthetic
3,4,4,2,0,0,95,7,7,82,synthetic
6,5,3,4,1,48,30,7,14,46,synthetic
5,4,4,2,0,0,88,1,14,98,synthetic
6,4,2,5,1,12,68,2,4,24,synthetic
5,5,2,4,0,0,97,7,2,24,synthetic
3,2,2,1,1,72,82,7,4,48,synthetic
5,2,1,3,0,0,46,6,10,86,synthetic
5,5,2,1,1,48,2,4,4,46,synthetic
1,2,3,2,0,0,75,4,14,59,synthetic
6,3,3,2,1,12,84,6,3,22,synthetic
4,5,4,5,0,0,20,3,2,24,synthetic
1.5,4,3,5,0,0,39,7,4,48,synthetic
2,1,2,5,1,24,23,3,7,22,synthetic
5,1,2,2,0,0,20,3,3,48,synthetic
6,4,1,2,1,24,86,5,10,34,synthetic
2,5,2,5,1,48,72,4,2,24,synthetic
4,1,3,1,1,18,58,2,10,30,synthetic
1,2,4,2,1,72,15,2,1,24,synthetic
6,5,2,4,0,0,78,7,3,48,synthetic
1,5,4,5,1,18,51,1,10,24,synthetic
5,2,4,3,1,12,95,1,10,30,synthetic
4,5,1,2,1,12,77,7,3,22,synthetic
1,2,4,2,0,0,3,2,7,54,synthetic
1.5,1,3,4,1,12,77,3,5,22,synthetic
4,1,4,2,1,6,26,6,3,4,synthetic
1,1,4,2,1,6,67,3,7,10,synthetic
3,4,4,2,1,6,90,2,2,24,synthetic
6,1,2,2,0,0,38,6,7,72,synthetic
0.5,2,3,1,1,6,44,5,4,4,synthetic
1.5,3,4,3,1,48,98,2,7,66,synthetic
2,5,3,2,1,12,25,2,2,18,synthetic
4,1,1,2,0,0,96,7,10,83,synthetic
3,2,4,5,0,0,41,7,3,48,synthetic
0.5,4,1,3,1,6,36,2,14,12,synthetic
3,3,4,5,0,0,95,6,1,24,synthetic
0.5,4,2,5,0,0,31,3,2,24,synthetic
1.5,4,2,1,1,18,45,4,5,16,synthetic
4,4,2,5,1,48,49,7,3,46,synthetic
5,5,3,1,1,18,12,6,14,16,synthetic
5,3,3,1,0,0,72,2,14,88,synthetic
4,3,2,5,0,0,51,3,3,48,synthetic
1.5,4,3,2,0,0,50,3,7,71.0,synthetic
6,1,2,5,0,0,56,7,1,24,synthetic
0.5,1,2,4,0,0,78,1,1,24,synthetic
1.5,3,4,4,0,0,46,6,14,62.0,synthetic
0.5,5,3,4,1,36,69,5,10,40,synthetic
0.5,4,1,3,1,36,84,7,1,24,synthetic
4,4,4,4,1,36,80,5,7,46,synthetic
3,2,4,2,1,12,40,1,4,18,synthetic
4,2,1,2,1,6,7,7,2,4,synthetic
2,2,4,5,0,0,48,7,14,59,synthetic
4,2,1,4,0,0,35,7,14,85,synthetic
3,1,2,2,1,12,88,3,7,22,synthetic
6,2,1,4,0,0,47,3,14,93,synthetic
2,2,2,3,1,6,70,7,3,10,synthetic
1.5,1,1,4,1,6,3,3,7,4,synthetic
3,3,4,2,0,0,28,5,3,48,synthetic
2,1,2,2,1,6,0,2,3,12,synthetic
4,3,2,1,1,12,3,3,2,10,synthetic
0.5,2,3,5,0,0,27,3,7,60.0,synthetic
0.5,4,3,4,1,6,67,5,2,10,synthetic
5,5,4,4,1,48,38,4,7,46,synthetic
1,1,4,3,1,18,98,6,3,28,synthetic
5,1,2,5,0,0,24,5,10,77,synthetic
3,4,2,4,0,0,16,6,1,24,synthetic
4,1,2,4,1,36,28,3,14,34,synthetic
4,1,1,1,1,72,61,6,5,74,synthetic
1.5,4,2,4,1,24,2,6,5,22,synthetic
1.5,2,3,5,1,24,72,5,1,24,synthetic
0.5,1,4,1,1,72,99,6,2,24,synthetic
3,3,2,4,1,12,98,3,7,22,synthetic
3,1,4,2,0,0,14,2,2,24,synthetic
1.5,2,3,5,0,0,0,3,5,64.0,synthetic
5,5,3,1,0,0,7,1,10,98,synthetic
0.5,1,1,4,1,18,52,6,10,16,synthetic
3,4,1,3,0,0,99,2,14,114,synthetic
5,1,1,1,0,0,48,3,14,72,synthetic
0.5,1,1,4,1,72,52,1,7,71.0,synthetic
1.5,1,2,3,0,0,65,2,14,71.0,synthetic
1.5,5,1,1,0,0,1,6,4,48,synthetic
6,5,3,5,0,0,4,7,4,48,synthetic
6,1,3,5,1,18,29,3,5,16,synthetic
1.5,1,2,3,0,0,33,2,3,48,synthetic
1,2,3,1,1,12,88,7,7,22,synthetic
2,3,3,4,0,0,62,6,4,48,synthetic
6,2,1,2,1,18,21,5,5,16,synthetic
6,3,4,1,0,0,0,1,5,79,synthetic
5,2,2,2,1,12,58,4,5,16,synthetic
6,3,1,5,0,0,5,1,14,112,synthetic
3,2,3,5,1,24,71,4,2,24,synthetic
3,4,3,2,0,0,79,5,7,89,synthetic
5,5,2,4,1,72,81,7,2,24,synthetic
1.5,2,1,5,1,6,42,2,7,12,synthetic
1,3,3,2,1,6,4,4,14,4,synthetic
5,3,1,4,1,18,57,7,10,22,synthetic
5,3,1,5,0,0,57,1,14,114,synthetic
5,5,4,1,0,0,28,7,14,83,synthetic
1,1,4,4,1,48,42,2,4,48,synthetic
4,4,1,3,1,72,34,2,14,78,synthetic
1,2,2,5,0,0,26,6,10,69,synthetic
4,5,1,4,0,0,70,1,7,123,synthetic
1.5,2,1,1,0,0,27,7,5,66.0,synthetic
4,3,1,5,0,0,6,7,2,24,synthetic
4,1,4,3,0,0,59,7,5,59,synthetic
4,1,4,2,0,0,6,3,4,48,synthetic
4,1,4,1,0,0,20,4,1,24,synthetic
1.5,1,1,3,0,0,65,7,7,70.0,synthetic
0.5,4,3,5,0,0,47,2,1,24,synthetic
4,4,3,3,1,6,29,4,3,4,synthetic
1,4,4,2,1,6,52,3,10,4,synthetic
1.5,1,3,1,0,0,82,5,4,48,synthetic
4,4,4,2,0,0,64,6,2,24,synthetic
2,2,3,2,1,36,1,2,3,42,synthetic
0.5,5,3,1,1,48,6,6,7,46,synthetic
2,4,3,5,0,0,96,7,5,94,synthetic
1.5,2,4,3,1,36,32,2,14,42,synthetic
2,3,4,2,0,0,23,3,10,58,synthetic
1,2,3,5,1,72,90,4,10,74,synthetic
4,3,4,5,1,18,45,7,4,16,synthetic
4,1,1,5,0,0,38,6,4,48,synthetic
0.5,3,4,1,1,18,65,3,10,22,synthetic
1,5,1,3,1,18,60,5,2,22,synthetic
1.5,2,3,4,0,0,5,4,2,24,synthetic
6,4,1,1,1,48,91,6,3,48,synthetic
3,5,1,3,1,48,77,3,1,24,synthetic
6,1,3,5,0,0,77,2,4,48,synthetic
2,2,2,5,1,6,58,3,4,10,synthetic
0.5,2,2,5,0,0,64,1,2,24,synthetic
2,1,3,3,0,0,56,2,7,66,synthetic
1,5,2,4,0,0,46,7,1,24,synthetic
1,2,3,5,1,12,88,7,1,22,synthetic
4,4,3,1,0,0,1,4,2,24,synthetic
1,3,1,5,1,24,17,1,7,30,synthetic
3,1,3,3,1,48,90,2,1,24,synthetic
1,4,3,4,1,36,50,6,14,34,synthetic
1.5,2,4,5,0,0,54,1,10,65.0,synthetic
6,3,2,3,1,6,44,3,10,4,synthetic
5,4,1,5,1,48,21,1,1,24,synthetic
0.5,4,3,2,0,0,50,2,2,24,synthetic
5,5,4,3,0,0,27,5,1,24,synthetic
1.5,1,1,2,1,6,9,3,5,4,synthetic
4,1,3,1,1,72,2,5,4,48,synthetic
2,5,3,4,1,72,20,5,4,48,synthetic
1,5,1,5,1,36,64,2,1,24,synthetic
1,4,2,3,1,24,5,1,10,30,synthetic
4,1,3,1,0,0,74,4,10,60,synthetic
1.5,3,2,4,0,0,88,6,2,24,synthetic
1,4,1,3,0,0,57,1,4,48,synthetic
2,4,2,2,1,36,0,4,2,24,synthetic
6,3,4,2,1,72,94,4,5,82,synthetic
1,4,4,4,1,6,84,3,1,16,synthetic
5,4,1,4,0,0,46,6,14,105,synthetic
2,4,3,2,1,36,62,3,1,24,synthetic
5,4,3,3,0,0,57,1,5,102,synthetic
1.5,3,3,3,1,24,59,6,2,24,synthetic
3,5,1,4,0,0,68,2,3,48,synthetic
5,1,4,5,1,18,67,5,2,22,synthetic
1.5,1,4,4,1,6,25,2,5,12,synthetic
3,1,3,1,0,0,53,6,4,48,synthetic
5,2,4,3,0,0,93,6,10,77,synthetic
0.5,1,3,4,1,12,86,5,1,22,synthetic
6,4,2,1,1,36,30,5,5,34,synthetic
3,5,2,2,0,0,11,2,2,24,synthetic
3,1,2,4,0,0,4,7,3,48,synthetic
5,3,4,4,0,0,87,2,2,24,synthetic
4,3,4,5,1,72,86,7,3,48,synthetic
1,4,1,3,0,0,61,5,4,48,synthetic
1,2,3,3,0,0,20,5,2,24,synthetic
1,5,4,3,0,0,98,5,5,85,synthetic
0.5,4,2,3,1,24,37,4,5,22,synthetic
1,4,1,2,0,0,53,6,10,83,synthetic
1.5,1,1,5,1,18,58,4,5,22,synthetic
4,5,4,4,0,0,72,3,1,24,synthetic
1.5,4,2,5,1,12,55,2,2,18,synthetic
1.5,4,3,2,0,0,81,7,10,83.0,synthetic
6,4,1,4,0,0,26,3,5,109,synthetic
1.5,2,4,4,1,6,66,2,2,18,synthetic
5,5,1,3,1,12,2,6,14,10,synthetic
0.5,1,3,3,1,36,44,7,5,34,synthetic
0.5,1,2,2,0,0,27,5,1,24,synthetic
0.5,3,3,1,1,24,5,5,5,22,synthetic
4,5,4,3,0,0,81,4,1,24,synthetic
6,4,3,4,0,0,36,3,7,95,synthetic
3,5,1,5,1,36,81,7,1,24,synthetic
1.5,5,1,4,0,0,8,2,7,107.0,synthetic
1,3,3,2,1,18,23,1,10,24,synthetic
5,1,1,4,1,48,78,1,1,24,synthetic
1,5,1,4,0,0,83,5,2,24,synthetic
1.5,1,4,3,0,0,87,1,14,63.0,synthetic
3,1,3,2,1,24,85,2,14,42,synthetic
1,2,4,3,1,18,14,4,3,16,synthetic
0.5,1,4,2,0,0,7,4,14,36.0,synthetic
1.5,4,2,3,1,6,1,3,14,4,synthetic
3,5,1,3,1,18,32,3,2,16,synthetic
6,4,4,1,0,0,39,6,14,79,synthetic
3,5,2,2,0,0,50,6,4,48,synthetic
4,1,3,3,0,0,87,7,1,24,synthetic
6,1,3,4,0,0,96,4,4,48,synthetic
6,1,2,5,0,0,40,6,7,81,synthetic
5,4,4,3,1,6,10,7,3,4,synthetic
6,1,3,3,1,18,26,4,10,16,synthetic
0.5,4,2,5,1,6,23,6,5,4,synthetic
3,3,2,1,0,0,14,1,3,48,synthetic
4,1,3,2,0,0,78,5,2,24,synthetic
1.5,3,4,1,0,0,95,5,5,65.0,synthetic
1.5,4,1,3,1,36,65,7,10,40,synthetic
6,2,2,4,1,48,25,2,4,48,synthetic
0.5,2,1,5,1,48,80,7,1,24,synthetic
3,1,3,5,0,0,34,5,10,62,synthetic
2,4,4,5,1,6,30,2,10,12,synthetic
6,1,1,2,0,0,33,6,10,79,synthetic
4,1,1,3,0,0,57,6,14,80,synthetic
0.5,5,1,5,1,18,14,6,10,16,synthetic
6,2,3,2,1,18,90,7,1,24,synthetic
1,2,1,3,0,0,36,5,3,48,synthetic
3,1,3,5,1,36,71,7,4,40,synthetic
1,5,2,5,0,0,67,7,14,99,synthetic
5,2,1,1,0,0,47,6,7,80,synthetic
5,1,4,5,0,0,5,1,1,24,synthetic
5,4,1,4,0,0,17,5,4,48,synthetic
0.5,4,3,1,0,0,18,6,5,64.0,synthetic
3,3,1,3,0,0,6,3,14,86,synthetic
1,1,2,3,1,24,49,1,2,24,synthetic
0.5,3,2,1,1,48,5,4,2,24,synthetic
2,5,1,1,1,12,71,4,5,16,synthetic
3,2,2,1,0,0,5,6,14,65,synthetic
6,2,2,2,0,0,13,7,4,48,synthetic
5,3,4,4,0,0,92,3,2,24,synthetic
1.5,4,3,1,1,18,20,2,10,24,synthetic
3,5,1,5,0,0,53,5,5,108,synthetic
0.5,3,3,1,1,24,67,4,5,28,synthetic
0.5,4,4,2,1,48,41,7,10,46,synthetic
0.5,1,3,2,1,24,15,5,1,22,synthetic
0.5,2,3,4,0,0,56,1,2,24,synthetic
2,4,2,3,1,48,23,4,4,46,synthetic
0.5,4,4,3,1,24,63,6,7,28,synthetic
4,5,4,4,0,0,9,1,5,96,synthetic
1.5,4,3,5,0,0,37,4,7,80.0,synthetic
1,2,2,2,1,36,92,5,3,46,synthetic
1,2,2,3,1,18,81,2,7,36,synthetic
2,2,4,3,0,0,47,4,2,24,synthetic
4,5,3,5,0,0,85,3,7,110,synthetic
3,4,1,2,1,12,90,5,10,22,synthetic
0.5,5,3,4,0,0,82,3,5,93.0,synthetic
2,4,4,5,1,48,9,2,7,54,synthetic
2,4,3,3,1,72,18,7,2,24,synthetic
6,3,3,1,0,0,86,2,2,24,synthetic
6,5,3,4,1,18,38,5,5,16,synthetic
2,2,2,1,0,0,19,6,4,48,synthetic
1,2,3,1,0,0,38,1,14,58,synthetic
2,3,1,2,0,0,3,6,1,24,synthetic
3,2,4,1,1,24,62,1,4,36,synthetic
1,3,1,2,1,12,3,4,10,10,synthetic
1,4,3,5,0,0,89,5,3,48,synthetic
0.5,1,3,4,1,72,50,1,14,57.0,synthetic
0.5,3,1,1,0,0,93,1,2,24,synthetic
1.5,4,2,5,0,0,4,1,7,95.0,synthetic
1.5,4,2,3,0,0,52,3,7,81.0,synthetic
5,5,2,5,1,48,36,3,4,46,synthetic
1.5,5,3,2,1,36,17,6,7,34,synthetic
6,3,1,3,1,12,91,5,2,22,synthetic
5,3,3,4,0,0,55,7,1,24,synthetic
4,2,4,3,0,0,97,2,7,81,synthetic
0.5,5,2,2,1,24,44,7,5,22,synthetic
1,2,1,4,0,0,2,1,3,48,synthetic
0.5,5,1,2,1,48,51,6,4,46,synthetic
0.5,2,3,1,0,0,91,7,2,24,synthetic
3,3,1,4,1,24,48,3,14,22,synthetic
2,5,1,5,0,0,8,3,2,24,synthetic
1.5,1,4,3,0,0,95,4,3,48,synthetic
2,1,3,3,1,36,63,6,14,40,synthetic
1,4,2,4,0,0,48,1,14,90,synthetic
2,2,3,4,0,0,82,1,3,48,synthetic
0.5,5,1,4,0,0,52,1,4,48,synthetic
3,5,4,1,1,36,34,7,3,34,synthetic
1,1,2,4,1,18,83,2,3,36,synthetic
1,5,2,5,1,12,42,5,7,10,synthetic
1.5,1,1,1,1,36,59,3,14,40,synthetic
5,5,1,5,0,0,97,7,3,48,synthetic
2,4,3,1,0,0,65,5,14,76,synthetic
6,2,3,5,0,0,31,7,14,82,synthetic
5,1,3,1,0,0,72,5,1,24,synthetic
5,2,4,5,1,18,43,6,14,16,synthetic
6,3,3,4,0,0,99,3,4,48,synthetic
3,1,4,1,1,36,58,2,2,24,synthetic
0.5,2,3,1,0,0,5,1,3,48,synthetic
1.5,5,1,5,0,0,53,5,5,102.0,synthetic
0.5,3,1,3,0,0,71,2,1,24,synthetic
4,2,2,1,0,0,69,4,14,75,synthetic
2,2,1,5,0,0,19,3,5,80,synthetic
6,5,4,2,1,18,28,2,2,24,synthetic
1.5,3,4,5,0,0,71,6,3,48,synthetic
5,4,2,4,0,0,99,4,3,48,synthetic
1,4,4,3,0,0,90,1,7,85,synthetic
5,5,3,2,0,0,77,6,4,48,synthetic
1.5,1,1,1,0,0,49,6,7,58.0,synthetic
5,1,3,3,1,36,78,1,5,54,synthetic
0.5,4,3,1,0,0,48,2,4,48,synthetic
1,4,2,3,1,12,75,7,1,16,synthetic
3,3,4,3,1,72,61,5,2,24,synthetic
6,3,2,5,0,0,15,7,14,97,synthetic
5,2,1,3,0,0,97,6,7,98,synthetic
3,5,4,2,1,72,62,5,2,24,synthetic
3,2,2,3,1,36,0,6,2,24,synthetic
4,2,3,3,1,6,72,2,10,18,synthetic
2,2,4,2,0,0,49,3,1,24,synthetic
5,2,1,5,1,12,38,1,7,18,synthetic
1,3,1,1,0,0,58,2,5,86,synthetic
5,1,3,3,0,0,54,1,3,48,synthetic
0.5,5,3,2,1,24,97,6,2,24,synthetic
5,4,3,5,1,72,80,3,3,48,synthetic
2,5,4,5,1,12,34,3,7,10,synthetic
5,2,4,2,1,12,62,4,4,16,synthetic
2,1,3,4,1,6,48,1,1,12,synthetic
4,3,1,2,1,36,81,2,2,24,synthetic
4,3,3,1,0,0,9,1,14,78,synthetic
4,3,1,5,1,24,55,7,2,22,synthetic
3,3,2,3,1,6,59,5,5,10,synthetic
1.5,2,2,3,0,0,48,4,2,24,synthetic
1.5,4,4,1,1,48,70,2,14,60,synthetic
1,5,4,1,1,6,12,3,1,4,synthetic
1,5,2,2,0,0,28,3,1,24,synthetic
1.5,5,3,4,1,12,80,1,7,30,synthetic
0.5,3,2,1,0,0,42,4,14,63.0,synthetic
1,5,1,5,1,18,35,5,5,16,synthetic
3,3,1,3,1,6,96,6,1,16,synthetic
5,5,4,2,0,0,5,5,5,86,synthetic
2,5,3,3,0,0,82,6,2,24,synthetic
5,4,3,4,0,0,84,6,2,24,synthetic
1.5,2,4,2,1,6,62,5,7,10,synthetic
0.5,2,2,4,0,0,0,3,2,24,synthetic
4,1,1,2,0,0,54,5,4,48,synthetic
1,4,3,2,0,0,40,7,3,48,synthetic
3,1,4,5,1,36,46,6,5,34,synthetic
4,4,4,5,1,6,77,1,2,24,synthetic
0.5,1,1,5,1,24,55,6,2,22,synthetic
3,3,1,3,0,0,61,4,2,24,synthetic
0.5,4,3,5,1,6,3,4,10,4,synthetic
2,1,4,4,0,0,33,7,1,24,synthetic
0.5,3,4,3,1,48,61,2,5,60,synthetic
3,2,4,2,0,0,47,1,7,62,synthetic
6,5,1,3,0,0,26,7,7,114,synthetic
5,3,3,3,1,36,37,6,10,34,synthetic
3,4,2,3,1,36,50,6,14,34,synthetic
4,5,2,2,0,0,32,2,2,24,synthetic
6,3,1,5,0,0,51,6,5,104,synthetic
5,4,4,4,0,0,29,7,10,84,synthetic
5,3,3,1,0,0,67,2,4,48,synthetic
1,2,2,1,1,18,39,3,1,16,synthetic
3,1,2,3,0,0,93,2,3,48,synthetic
2,5,4,2,0,0,61,3,3,48,synthetic
1.5,1,1,4,1,6,57,2,1,18,synthetic
6,4,1,2,0,0,4,1,10,111,synthetic
4,4,1,4,0,0,73,4,2,24,synthetic
5,5,4,2,0,0,55,7,14,86,synthetic
1.5,4,3,1,1,36,58,2,5,48,synthetic
0.5,3,3,4,0,0,46,7,5,65.0,synthetic
3,3,4,5,0,0,1,2,3,48,synthetic
1,1,3,5,0,0,35,2,1,24,synthetic
6,3,1,5,0,0,31,2,14,112,synthetic
1,3,2,1,1,6,80,7,3,16,synthetic
1,4,1,4,1,24,53,1,5,30,synthetic
1.5,2,3,4,1,48,6,1,10,54,synthetic
1.5,4,3,3,1,48,36,6,3,46,synthetic
1,5,2,4,1,48,22,2,3,48,synthetic
5,1,4,4,0,0,14,4,2,24,synthetic
4,2,2,2,0,0,54,6,4,48,synthetic
3,5,3,2,1,36,78,4,3,46,synthetic
1.5,5,4,5,1,12,48,5,3,10,synthetic
1.5,3,2,2,0,0,5,7,3,48,synthetic
5,1,1,3,0,0,100,1,5,98,synthetic
1,4,3,3,0,0,1,3,10,72,synthetic
1,4,2,4,1,48,83,1,14,66,synthetic
1.5,3,3,3,0,0,27,1,5,74.0,synthetic
5,3,2,3,0,0,37,4,2,24,synthetic
1,5,1,2,0,0,9,5,7,91,synthetic
6,3,4,4,0,0,61,2,7,94,synthetic
6,5,1,3,0,0,41,2,1,24,synthetic
6,3,3,4,0,0,81,1,14,107,synthetic
6,2,4,3,0,0,68,5,7,75,synthetic
0.5,4,1,1,0,0,40,6,5,78.0,synthetic
4,1,4,3,0,0,52,2,5,61,synthetic
6,1,3,5,0,0,83,1,5,94,synthetic
0.5,5,1,3,0,0,65,2,2,24,synthetic
0.5,1,1,1,1,6,38,7,14,4,synthetic
3,5,2,1,1,18,58,5,7,22,synthetic
5,5,2,2,1,72,17,2,10,78,synthetic
6,1,3,1,0,0,21,6,2,24,synthetic
5,3,1,1,0,0,3,4,10,88,synthetic
5,1,4,5,1,18,78,1,3,36,synthetic
5,1,4,1,1,48,76,2,5,66,synthetic
1,1,4,4,0,0,80,6,3,48,synthetic
3,5,3,1,0,0,85,3,2,24,synthetic
1.5,5,2,3,1,6,93,3,14,16,synthetic
4,3,4,4,0,0,71,3,2,24,synthetic
1.5,2,2,4,0,0,88,3,4,48,synthetic
0.5,3,2,4,0,0,97,4,10,84.0,synthetic
3,2,3,3,1,24,96,5,7,34,synthetic
3,2,2,3,0,0,5,5,4,48,synthetic
1,4,2,1,1,12,17,5,1,10,synthetic
6,5,1,3,0,0,21,2,3,48,synthetic
1,4,2,5,0,0,72,1,3,48,synthetic
0.5,4,3,3,0,0,85,5,5,82.0,synthetic
5,5,4,2,1,36,92,1,1,24,synthetic
2,4,4,3,0,0,76,1,14,89,synthetic
0.5,5,3,4,1,72,5,6,1,24,synthetic
1,1,4,2,1,48,7,3,3,38,synthetic
4,4,2,2,1,72,59,6,3,48,synthetic
4,4,3,5,0,0,56,4,10,96,synthetic
1.5,5,3,1,0,0,56,3,2,24,synthetic
2,1,3,1,0,0,44,3,5,46,synthetic
4,3,2,1,1,24,88,5,2,24,synthetic
2,5,2,2,0,0,25,1,10,96,synthetic
3,4,2,2,0,0,23,1,1,24,synthetic
3,4,3,5,1,72,62,3,4,48,synthetic
0.5,4,3,5,1,6,9,2,2,12,synthetic
0.5,2,3,5,0,0,93,1,1,24,synthetic
4,4,1,1,0,0,88,5,4,48,synthetic
5,1,4,3,0,0,28,3,1,24,synthetic
3,1,3,5,0,0,28,6,2,24,synthetic
4,2,4,1,1,18,54,3,7,16,synthetic
6,1,4,4,1,24,62,7,2,24,synthetic
6,2,1,1,1,6,100,1,14,24,synthetic
1,5,4,2,0,0,4,7,1,24,synthetic
4,4,3,1,0,0,33,2,14,86,synthetic
5,4,1,3,1,72,33,6,4,48,synthetic
5,2,2,4,0,0,23,6,3,48,synthetic
0.5,2,3,2,0,0,45,7,5,51.0,synthetic
1,3,2,3,1,24,70,4,1,24,synthetic
1.5,1,4,5,0,0,99,2,7,69.0,synthetic
4,3,1,5,1,18,64,1,3,30,synthetic
5,2,3,5,0,0,9,4,7,78,synthetic
4,1,2,2,1,24,67,6,4,28,synthetic
0.5,5,3,1,1,36,51,7,14,34,synthetic
3,1,4,5,1,36,27,6,14,34,synthetic
4,1,1,5,1,48,21,5,5,46,synthetic
0.5,4,3,2,1,48,95,4,3,48,synthetic
6,1,1,1,0,0,6,3,3,48,synthetic
3,1,1,5,0,0,61,5,4,48,synthetic
2,1,4,3,1,6,74,7,5,10,synthetic
3,1,3,3,1,18,47,1,5,24,synthetic
4,2,1,3,1,72,36,4,7,70,synthetic
4,2,3,2,0,0,90,1,10,85,synthetic
3,1,2,2,1,6,87,2,10,24,synthetic
1.5,2,2,1,0,0,47,5,4,48,synthetic
1,4,2,1,1,72,9,1,2,24,synthetic
0.5,5,3,1,0,0,94,1,2,24,synthetic
1,2,1,3,0,0,40,7,4,48,synthetic
4,5,3,1,1,36,43,1,10,42,synthetic
5,3,3,5,0,0,81,2,10,106,synthetic
2,3,1,4,1,36,90,5,5,46,synthetic
3,3,4,1,1,18,11,4,5,16,synthetic
4,4,3,5,1,24,73,5,1,24,synthetic
4,2,4,4,1,24,49,2,4,30,synthetic
2,3,3,2,0,0,69,6,3,48,synthetic
3,5,3,5,0,0,96,3,2,24,synthetic
0.5,2,3,2,1,6,91,5,14,16,synthetic
5,3,4,1,1,36,64,1,4,48,synthetic
2,4,2,5,0,0,98,2,7,109,synthetic
6,5,2,1,1,6,33,2,14,12,synthetic
1.5,1,1,5,1,18,43,7,7,16,synthetic
6,5,1,5,1,24,32,5,7,22,synthetic
0.5,1,3,2,1,6,28,2,5,12,synthetic
5,5,1,2,0,0,86,2,3,48,synthetic
5,2,1,3,1,48,69,5,10,52,synthetic
3,4,4,3,1,72,5,7,7,70,synthetic
6,2,3,4,1,72,90,5,2,24,synthetic
6,5,1,2,1,48,16,7,2,24,synthetic
3,3,4,2,0,0,54,5,3,48,synthetic
2,3,3,1,0,0,68,5,14,68,synthetic
1,2,1,1,0,0,51,2,7,72,synthetic
6,5,4,1,0,0,70,7,7,93,synthetic
0.5,3,2,5,1,6,57,4,5,10,synthetic
1,4,3,2,0,0,24,3,1,24,synthetic
2,1,4,5,0,0,57,2,7,65,synthetic
5,4,2,5,1,18,7,1,3,24,synthetic
1,5,2,3,0,0,73,7,10,93,synthetic
3,4,2,5,1,24,81,3,10,34,synthetic
1.5,2,1,3,0,0,10,1,1,24,synthetic
4,2,4,1,0,0,95,4,1,24,synthetic
0.5,3,3,2,1,6,16,2,4,12,synthetic
2,3,4,2,1,72,52,4,10,58,synthetic
2,2,1,5,0,0,25,5,10,80,synthetic
0.5,1,3,5,1,24,24,6,5,22,synthetic
5,1,1,5,1,18,10,6,7,16,synthetic
4,1,3,2,0,0,12,5,2,24,synthetic
1.5,4,3,1,1,18,2,7,10,16,synthetic
5,5,4,5,1,18,27,3,10,16,synthetic
5,5,4,3,0,0,48,6,14,89,synthetic
5,3,4,5,0,0,25,1,3,48,synthetic
1.5,5,1,1,1,24,15,3,14,22,synthetic
6,2,4,4,0,0,80,5,14,84,synthetic
5,5,3,3,1,48,62,5,2,24,synthetic
1,3,4,2,1,48,1,7,3,46,synthetic
6,4,1,5,0,0,7,2,1,24,synthetic
1,1,2,5,0,0,55,7,2,24,synthetic
1,3,2,3,1,24,29,1,2,24,synthetic
1,4,2,2,0,0,62,3,5,82,synthetic
0.5,4,3,4,1,36,39,3,2,24,synthetic
2,4,3,2,1,12,99,2,14,30,synthetic
4,4,4,3,0,0,57,5,2,24,synthetic
4,3,4,2,1,36,87,3,3,46,synthetic
2,4,2,3,1,6,68,2,4,18,synthetic
0.5,1,2,1,0,0,49,6,5,47.0,synthetic
2,3,1,4,1,48,15,1,3,48,synthetic
3,4,1,4,0,0,70,1,10,111,synthetic
1.5,4,4,4,0,0,50,1,2,24,synthetic
1,4,2,3,0,0,80,4,2,24,synthetic
1.5,2,2,3,1,12,49,7,1,10,synthetic
0.5,3,1,1,1,48,2,6,10,46,synthetic
2,3,4,3,1,72,70,1,1,24,synthetic
4,3,2,1,0,0,27,6,10,77,synthetic
4,4,2,3,1,24,4,3,3,22,synthetic
1,2,2,2,1,24,80,2,3,42,synthetic
0.5,3,3,5,0,0,6,6,14,68.0,synthetic
0.5,4,2,4,1,12,28,7,5,10,synthetic
1.5,4,1,2,1,12,68,4,2,16,synthetic
1.5,1,2,5,0,0,61,5,5,69.0,synthetic
5,3,2,4,0,0,64,2,2,24,synthetic
1.5,3,4,3,0,0,72,5,3,48,synthetic
1.5,1,3,5,1,48,22,5,14,46,synthetic
4,1,4,4,1,6,26,3,1,4,synthetic
0.5,3,2,3,0,0,98,4,5,81.0,synthetic
4,5,2,5,1,6,87,4,10,16,synthetic
1.5,3,4,3,1,24,10,6,4,22,synthetic
1,4,2,2,1,12,83,3,2,22,synthetic
0.5,1,4,2,1,36,22,1,10,42,synthetic
6,3,1,2,0,0,6,2,1,24,synthetic
0.5,4,1,3,0,0,15,7,3,48,synthetic
0.5,5,1,2,1,18,95,3,7,28,synthetic
4,5,3,3,0,0,27,4,2,24,synthetic
3,2,4,3,0,0,4,1,1,24,synthetic
2,1,3,2,0,0,40,6,5,49,synthetic
5,3,2,2,0,0,84,1,4,48,synthetic
2,2,4,4,1,24,12,3,1,22,synthetic
4,2,1,5,0,0,24,5,14,88,synthetic
1.5,3,3,1,0,0,21,6,1,24,synthetic
1.5,1,4,4,0,0,88,1,14,66.0,synthetic
1,5,1,3,1,6,47,5,5,4,synthetic
3,5,2,1,1,18,37,7,3,16,synthetic
5,2,3,5,1,18,48,3,10,16,synthetic
4,4,2,3,0,0,48,1,14,99,synthetic
3,5,3,1,0,0,39,2,14,90,synthetic
1,5,3,5,0,0,69,4,3,48,synthetic
2,2,4,4,0,0,90,3,3,48,synthetic
1.5,1,1,3,0,0,85,7,14,76.0,synthetic
6,3,3,3,0,0,51,7,4,48,synthetic
0.5,4,1,3,0,0,17,5,2,24,synthetic
6,2,4,1,0,0,62,4,2,24,synthetic
4,2,4,3,0,0,66,7,4,48,synthetic
5,5,4,5,0,0,24,1,10,103,synthetic
1.5,5,3,3,0,0,51,3,7,82.0,synthetic
3,1,1,5,0,0,12,4,1,24,synthetic
0.5,5,3,4,0,0,36,3,4,48,synthetic
3,5,4,5,0,0,13,6,5,87,synthetic
4,5,4,5,0,0,17,7,5,91,synthetic
0.5,4,3,1,1,18,73,3,10,22,synthetic
6,4,4,4,0,0,48,5,4,48,synthetic
1.5,5,2,3,1,36,67,6,5,40,synthetic
3,4,2,2,0,0,17,3,14,84,synthetic
1,2,4,2,1,72,96,5,7,58,synthetic
6,5,1,1,0,0,52,4,10,108,synthetic
2,1,1,1,0,0,77,1,4,48,synthetic
0.5,5,1,2,0,0,46,1,7,97.0,synthetic
3,5,1,1,1,48,75,7,1,24,synthetic
1,2,3,1,0,0,71,6,1,24,synthetic
2,4,2,4,0,0,21,7,2,24,synthetic
1.5,4,1,1,1,18,25,1,14,24,synthetic
4,1,4,2,0,0,64,7,7,56,synthetic
5,4,4,5,1,12,0,5,7,10,synthetic
5,4,4,2,1,48,50,4,5,46,synthetic
3,5,4,3,1,6,95,3,5,16,synthetic
6,2,1,3,1,72,59,3,2,24,synthetic
1,1,3,5,1,36,41,7,2,24,synthetic
1.5,5,3,5,0,0,2,2,10,96.0,synthetic
6,5,4,2,1,72,94,6,14,82,synthetic
0.5,4,3,5,1,18,21,6,2,16,synthetic
2,2,4,4,0,0,66,6,4,48,synthetic
6,1,1,3,1,18,50,1,14,24,synthetic
4,3,3,3,1,24,65,7,10,28,synthetic
5,4,2,5,1,36,86,7,10,46,synthetic
3,1,4,2,0,0,57,1,1,24,synthetic
6,4,3,2,1,12,92,6,3,22,synthetic
5,4,4,2,0,0,33,7,14,78,synthetic
3,3,4,5,1,24,70,4,5,28,synthetic
2,2,3,4,0,0,29,7,5,63,synthetic
4,1,3,2,0,0,25,3,5,57,synthetic
0.5,3,1,1,0,0,56,6,14,76.0,synthetic
3,1,4,4,1,6,13,3,2,4,synthetic
5,3,4,1,0,0,60,3,1,24,synthetic
4,2,2,1,1,72,87,2,4,48,synthetic
1,4,1,3,0,0,86,7,1,24,synthetic
6,3,4,4,1,36,86,6,3,46,synthetic
5,4,4,5,0,0,74,4,14,93,synthetic
4,3,2,3,0,0,95,1,7,103,synthetic
1.5,5,2,3,0,0,54,6,5,89.0,synthetic
3,4,2,2,0,0,57,1,2,24,synthetic
5,2,2,1,1,6,58,1,10,18,synthetic
5,2,3,2,0,0,90,3,1,24,synthetic
0.5,1,4,1,0,0,11,7,7,33.0,synthetic
3,3,3,4,1,6,64,3,7,10,synthetic
3,2,2,2,0,0,54,2,3,48,synthetic
6,5,3,3,0,0,26,1,3,48,synthetic
5,3,4,5,1,72,71,5,10,76,synthetic
1,1,2,2,1,24,73,5,10,28,synthetic
0.5,3,3,1,0,0,66,6,4,48,synthetic
2,2,4,4,1,72,36,1,1,24,synthetic
2,3,3,5,1,18,48,7,2,16,synthetic
4,2,1,3,0,0,22,3,7,82,synthetic
1.5,2,4,3,0,0,50,2,4,48,synthetic
1.5,4,3,4,1,6,26,4,14,4,synthetic
2,3,2,4,1,12,3,3,10,10,synthetic
1.5,2,4,3,1,36,16,3,5,34,synthetic
5,4,3,3,1,6,87,4,3,16,synthetic
4,1,3,2,0,0,89,7,3,48,synthetic
3,2,2,3,0,0,77,4,1,24,synthetic
0.5,3,2,5,0,0,34,7,14,75.0,synthetic
0.5,2,3,4,0,0,67,6,3,48,synthetic
1.5,5,2,5,1,48,56,3,1,24,synthetic
2,5,1,4,1,36,62,5,10,40,synthetic
1,3,2,4,1,72,47,3,7,70,synthetic
4,3,4,3,1,36,75,4,5,40,synthetic
1,1,3,1,0,0,83,7,14,54,synthetic
0.5,3,4,2,0,0,86,4,14,64.0,synthetic
1.5,3,1,3,1,72,79,6,5,82,synthetic
6,3,4,4,0,0,2,3,2,24,synthetic
1.5,2,1,2,0,0,18,2,3,48,synthetic
6,4,1,5,1,36,84,3,4,46,synthetic
0.5,1,3,1,0,0,65,4,5,46.0,synthetic
4,1,3,3,1,72,50,2,14,68,synthetic
1,1,1,1,1,24,33,2,7,30,synthetic
6,3,3,4,1,24,29,5,1,22,synthetic
4,4,1,5,0,0,36,2,7,112,synthetic
1.5,5,1,4,0,0,89,5,10,111.0,synthetic
4,2,4,4,0,0,55,2,5,72,synthetic
1.5,2,3,5,0,0,85,6,5,76.0,synthetic
4,5,3,5,1,18,82,4,4,28,synthetic
4,2,1,5,1,6,36,5,5,4,synthetic
4,3,3,4,0,0,96,2,10,99,synthetic
1.5,3,1,5,0,0,19,3,1,24,synthetic
5,5,3,5,1,48,69,7,4,48,synthetic
5,5,1,5,1,18,42,7,7,16,synthetic
0.5,2,3,5,1,36,89,1,14,54,synthetic
6,5,3,1,1,12,39,6,14,10,synthetic
4,1,4,1,0,0,65,6,3,48,synthetic
3,1,2,2,0,0,72,3,14,66,synthetic
1.5,2,2,1,1,24,85,2,2,24,synthetic
0.5,2,3,2,1,36,46,5,5,34,synthetic
1,4,2,3,0,0,10,1,2,24,synthetic
1.5,1,3,5,0,0,33,3,10,56.0,synthetic
6,4,4,4,0,0,33,5,2,24,synthetic
4,2,4,4,1,24,61,3,5,28,synthetic
5,3,3,4,1,36,84,3,14,46,synthetic
4,3,1,5,0,0,95,4,2,24,synthetic
5,1,1,4,1,36,59,4,7,40,synthetic
1,5,3,3,0,0,47,3,4,48,synthetic
3,5,3,2,0,0,31,5,1,24,synthetic
6,1,2,1,0,0,43,3,14,69,synthetic
2,2,1,1,1,24,83,1,4,42,synthetic
2,2,3,1,0,0,4,7,14,54,synthetic
6,5,4,4,0,0,78,4,1,24,synthetic
6,2,4,4,1,6,90,6,3,16,synthetic
5,5,1,4,0,0,74,1,1,24,synthetic
3,4,3,1,1,72,24,2,4,48,synthetic
5,2,1,5,0,0,43,5,4,48,synthetic
1,3,1,4,0,0,24,4,10,81,synthetic
3,3,3,4,1,18,18,1,3,24,synthetic
0.5,5,1,4,0,0,5,6,2,24,synthetic
2,1,2,1,0,0,50,2,4,48,synthetic
5,3,1,2,1,72,78,3,3,48,synthetic
4,2,4,1,0,0,11,2,2,24,synthetic
0.5,3,3,5,1,48,31,6,5,46,synthetic
4,4,1,4,1,24,50,4,2,22,synthetic
1.5,5,1,4,1,12,44,6,7,10,synthetic
2,4,3,1,1,72,27,1,10,78,synthetic
0.5,3,2,2,1,12,75,3,7,16,synthetic
4,4,4,2,0,0,3,7,3,48,synthetic
6,4,3,5,0,0,90,5,7,110,synthetic
3,5,2,2,1,48,94,5,2,24,synthetic
1,1,2,2,0,0,59,5,3,48,synthetic
4,4,1,2,1,12,14,2,1,18,synthetic
3,2,4,5,1,6,65,6,4,10,synthetic
4,2,1,3,0,0,11,5,14,82,synthetic
1.5,5,1,1,1,36,31,6,7,34,synthetic
0.5,1,1,4,1,36,51,6,4,34,synthetic
4,4,3,2,1,36,41,6,10,34,synthetic
5,2,2,4,0,0,16,3,7,82,synthetic
3,5,4,3,0,0,13,6,10,81,synthetic
5,5,4,3,0,0,20,1,3,48,synthetic
2,1,3,5,0,0,3,3,7,58,synthetic
2,5,2,4,1,6,15,4,4,4,synthetic
5,1,3,3,1,12,32,7,4,10,synthetic
0.5,2,3,2,0,0,85,7,2,24,synthetic
0.5,4,3,2,1,24,29,1,7,30,synthetic
2,5,1,2,1,48,47,7,2,24,synthetic
6,4,2,2,1,72,14,3,3,48,synthetic
2,3,3,1,0,0,92,3,14,74,synthetic
5,3,3,3,0,0,37,6,2,24,synthetic
0.5,1,2,4,1,12,47,4,3,10,synthetic
6,1,1,1,0,0,65,3,7,82,synthetic
6,4,4,4,0,0,100,1,5,108,synthetic
3,5,2,4,1,72,34,5,7,70,synthetic
2,1,3,3,1,48,57,1,7,60,synthetic
0.5,4,2,3,1,72,70,3,3,48,synthetic
1.5,1,2,3,1,12,11,2,5,18,synthetic
0.5,4,3,4,0,0,77,2,4,48,synthetic
4,2,4,5,1,12,33,2,4,18,synthetic
5,5,1,1,1,72,45,7,4,48,synthetic
0.5,2,3,1,0,0,21,2,2,24,synthetic
3,3,4,2,1,48,9,2,5,54,synthetic
1.5,2,2,4,1,24,68,2,10,36,synthetic
6,4,2,1,0,0,54,6,14,93,synthetic
5,1,4,1,1,24,70,4,10,28,synthetic
1.5,1,1,5,1,18,64,5,4,22,synthetic
5,3,1,3,1,24,64,1,14,36,synthetic
0.5,1,3,2,0,0,6,7,2,24,synthetic
1,5,1,3,0,0,52,7,1,24,synthetic
3,4,2,4,0,0,12,4,14,90,synthetic
1.5,2,2,4,1,18,83,6,14,28,synthetic
0.5,5,4,1,1,24,36,2,3,30,synthetic
2,4,3,1,0,0,65,5,7,76,synthetic
2,2,1,1,1,24,17,5,4,22,synthetic
1,4,3,3,0,0,73,3,7,78,synthetic
1,3,4,2,0,0,64,7,1,24,synthetic
2,3,1,1,0,0,66,6,3,48,synthetic
3,3,3,3,0,0,12,1,5,80,synthetic
6,4,1,4,0,0,26,3,5,109,synthetic
4,1,2,1,0,0,11,6,3,48,synthetic
1,5,3,4,0,0,10,3,7,83,synthetic
0.5,3,4,1,0,0,74,3,7,55.0,synthetic
0.5,3,1,2,0,0,98,1,2,24,synthetic
1.5,1,1,5,1,12,42,3,7,10,synthetic
1.5,1,3,4,1,36,68,6,5,40,synthetic
4,5,1,1,1,24,92,4,7,34,synthetic
2,3,3,1,1,24,64,1,5,36,synthetic
5,1,4,4,0,0,85,7,3,48,synthetic
0.5,1,4,4,0,0,37,6,5,42.0,synthetic
0.5,1,2,4,1,72,72,5,14,62.0,synthetic
0.5,1,2,1,0,0,83,7,2,24,synthetic
1.5,5,2,5,1,36,54,1,5,42,synthetic
6,2,3,4,0,0,31,6,3,48,synthetic
1.5,1,2,2,0,0,66,4,1,24,synthetic
4,5,4,4,1,12,84,4,10,22,synthetic
2,5,3,1,1,72,7,2,1,24,synthetic
1,5,4,2,1,36,94,4,4,46,synthetic
4,3,3,5,1,24,29,3,7,22,synthetic
1.5,3,1,2,0,0,46,3,3,48,synthetic
4,1,4,5,0,0,63,5,10,65,synthetic
3,3,2,4,0,0,33,4,1,24,synthetic
5,1,4,5,1,12,11,4,5,10,synthetic
3,3,2,2,1,72,22,5,7,70,synthetic
1.5,2,1,5,0,0,76,1,14,98.0,synthetic
1,3,2,2,0,0,79,5,3,48,synthetic
0.5,2,3,3,0,0,36,7,5,54.0,synthetic
2,3,1,5,1,24,16,2,5,30,synthetic
0.5,4,4,2,1,48,70,2,10,60,synthetic
2,4,1,3,1,72,55,6,10,70,synthetic
3,2,1,1,1,12,33,4,5,10,synthetic
3,3,4,4,1,36,29,3,10,34,synthetic
4,4,4,3,1,24,97,2,10,42,synthetic
3,3,1,4,1,48,43,1,10,54,synthetic
5,4,2,4,1,24,10,6,7,22,synthetic
1.5,5,4,2,0,0,93,4,4,48,synthetic
6,1,1,4,0,0,32,6,7,85,synthetic
5,3,4,1,0,0,47,1,4,48,synthetic
3,5,4,4,0,0,80,7,1,24,synthetic
0.5,4,2,1,1,6,44,1,3,12,synthetic
1.5,3,3,5,0,0,7,3,5,72.0,synthetic
1,5,1,4,0,0,28,7,14,97,synthetic
6,1,3,1,0,0,77,5,7,74,synthetic
4,2,4,1,1,48,95,4,2,24,synthetic
0.5,5,4,5,1,12,92,3,4,22,synthetic
3,5,2,2,1,48,98,1,14,66,synthetic
4,5,1,3,0,0,8,2,1,24,synthetic
4,2,3,3,0,0,39,7,4,48,synthetic
2,3,2,5,1,36,29,1,10,42,synthetic
1,2,4,2,0,0,92,7,14,58,synthetic
3,2,3,3,1,48,42,3,3,46,synthetic
1.5,4,2,3,0,0,51,3,1,24,synthetic
6,5,2,2,0,0,54,5,3,48,synthetic
5,1,4,4,0,0,66,2,1,24,synthetic
5,1,3,4,0,0,58,4,5,73,synthetic
6,1,2,1,1,36,98,4,14,46,synthetic
5,3,2,3,0,0,36,4,7,87,synthetic
4,3,1,3,0,0,4,5,2,24,synthetic
3,3,3,1,0,0,60,3,10,72,synthetic
6,2,2,3,0,0,5,2,1,24,synthetic
1,5,2,5,0,0,51,4,14,93,synthetic
5,4,2,3,1,36,84,3,5,46,synthetic
4,5,2,5,0,0,93,2,4,48,synthetic
1.5,1,2,2,1,48,69,6,1,24,synthetic
6,4,1,3,1,48,26,2,10,54,synthetic
0.5,5,2,5,1,6,83,6,1,16,synthetic
4,2,1,1,0,0,43,1,7,84,synthetic
2,3,2,3,0,0,70,7,7,81,synthetic
2,4,2,4,1,48,29,7,10,46,synthetic
5,3,1,4,0,0,95,3,7,109,synthetic
1.5,1,3,4,1,48,27,4,7,46,synthetic
4,5,1,2,0,0,87,1,4,48,synthetic
6,5,2,2,1,24,51,3,3,22,synthetic
6,4,1,3,1,48,62,1,7,60,synthetic
5,4,4,2,0,0,29,6,2,24,synthetic
6,4,2,4,1,72,30,7,5,70,synthetic
2,3,4,4,0,0,22,5,7,64,synthetic
4,2,1,4,0,0,22,3,2,24,synthetic
2,3,2,5,1,36,41,1,2,24,synthetic
1.5,2,4,5,0,0,25,7,7,57.0,synthetic
6,3,3,1,0,0,81,1,14,98,synthetic
0.5,4,2,4,1,36,79,5,5,46,synthetic
3,4,3,2,0,0,18,3,14,77,synthetic
3,3,1,2,1,18,43,6,14,16,synthetic
0.5,5,2,2,0,0,33,2,5,90.0,synthetic
6,5,4,1,0,0,26,5,2,24,synthetic
1,1,3,4,0,0,88,2,3,48,synthetic
1,4,2,5,0,0,31,5,2,24,synthetic
0.5,5,2,1,1,24,7,1,5,30,synthetic
0.5,4,3,3,0,0,9,3,1,24,synthetic
0.5,5,1,5,1,72,56,6,4,48,synthetic
2,2,1,3,0,0,95,1,1,24,synthetic
3,3,1,1,0,0,86,2,5,100,synthetic
2,4,2,3,1,18,97,5,5,28,synthetic
2,3,1,3,1,12,23,6,10,10,synthetic
0.5,4,2,3,0,0,42,3,7,77.0,synthetic
5,4,2,1,1,24,96,3,14,34,synthetic
5,5,3,4,0,0,42,2,5,107,synthetic
5,1,3,4,0,0,8,5,14,67,synthetic
5,2,2,5,1,12,92,1,7,30,synthetic
2,5,4,4,1,72,50,5,10,70,synthetic
1.5,2,4,3,0,0,35,4,1,24,synthetic
3,1,2,1,0,0,55,4,4,48,synthetic
6,4,1,1,0,0,6,6,10,100,synthetic
1,4,2,4,0,0,34,4,3,48,synthetic
5,4,1,5,1,18,57,4,3,22,synthetic
0.5,3,4,1,0,0,55,7,5,49.0,synthetic
2,1,4,1,0,0,43,3,10,39,synthetic
3,4,1,5,1,24,92,4,5,34,synthetic
6,3,1,4,0,0,8,3,10,101,synthetic
1,4,2,4,1,72,49,1,10,78,synthetic
1,4,2,3,0,0,13,4,2,24,synthetic
5,2,4,3,1,36,65,6,2,24,synthetic
2,5,2,4,1,72,5,1,7,78,synthetic
1,4,3,4,1,24,85,6,2,24,synthetic
5,3,3,1,0,0,96,1,1,24,synthetic
2,4,2,1,1,48,63,5,14,52,synthetic
5,4,3,3,0,0,42,2,3,48,synthetic
4,1,4,4,1,36,16,6,10,34,synthetic
2,4,3,1,1,18,14,7,4,16,synthetic
1.5,2,2,4,0,0,64,3,10,74.0,synthetic
5,1,3,2,1,24,0,4,7,22,synthetic
1,5,4,2,0,0,95,7,14,82,synthetic
4,1,3,4,1,72,19,5,5,63,synthetic
3,5,3,5,0,0,14,2,2,24,synthetic
1.5,4,2,2,1,18,53,5,7,16,synthetic
6,1,3,5,0,0,52,7,1,24,synthetic
6,1,2,1,1,36,33,7,3,34,synthetic
2,1,3,1,0,0,11,3,10,46,synthetic
1.5,5,4,2,1,24,96,4,3,34,synthetic
5,1,4,3,1,72,64,1,5,71,synthetic
5,1,3,2,1,18,2,1,5,24,synthetic
6,4,1,2,0,0,50,6,7,103,synthetic
5,3,3,1,1,18,80,5,2,24,synthetic
1.5,2,2,4,1,72,60,6,4,48,synthetic
1,4,3,5,1,72,90,6,7,82,synthetic
5,1,2,2,1,72,38,4,2,24,synthetic
1.5,2,3,4,1,6,81,2,3,24,synthetic
5,2,4,5,0,0,97,1,5,91,synthetic
5,4,2,5,1,24,21,3,7,22,synthetic
1.5,4,3,5,1,48,6,3,10,46,synthetic
3,4,2,4,0,0,45,1,3,48,synthetic
6,1,2,2,0,0,92,3,2,24,synthetic
1.5,3,3,3,0,0,20,7,10,66.0,synthetic
1,2,2,4,0,0,41,7,5,66,synthetic
2,2,3,3,0,0,72,3,2,24,synthetic
2,2,2,2,1,72,86,3,4,48,synthetic
1,1,3,5,1,12,8,5,3,10,synthetic
2,3,1,2,0,0,31,4,3,48,synthetic
1,2,3,4,0,0,39,4,4,48,synthetic
6,2,2,3,0,0,78,2,5,103,synthetic
6,4,4,2,0,0,83,6,3,48,synthetic
1.5,5,2,3,1,18,97,5,4,28,synthetic
5,1,1,4,1,36,77,7,14,46,synthetic
4,5,4,4,1,18,81,4,10,28,synthetic
3,4,1,2,1,24,16,7,5,22,synthetic
5,3,3,4,0,0,56,3,3,48,synthetic
6,1,1,3,1,12,38,5,10,10,synthetic
5,3,3,3,0,0,34,5,14,80,synthetic
3,3,2,1,0,0,31,1,1,24,synthetic
2,2,2,3,0,0,87,6,10,79,synthetic
2,1,3,1,0,0,91,5,2,24,synthetic
6,3,1,4,0,0,28,1,3,48,synthetic
1.5,3,1,1,1,6,15,5,7,4,synthetic
6,2,2,1,0,0,65,6,7,83,synthetic
5,4,4,1,0,0,5,7,1,24,synthetic
3,5,3,4,0,0,55,4,3,48,synthetic
1,4,2,2,0,0,83,5,5,88,synthetic
5,3,3,5,0,0,99,2,5,106,synthetic
2,2,3,4,1,12,31,7,5,10,synthetic
5,5,4,2,1,18,72,5,10,22,synthetic
3,4,1,3,0,0,57,4,10,100,synthetic
0.5,4,1,1,0,0,92,5,10,90.0,synthetic
2,4,1,3,0,0,28,4,4,48,synthetic
5,3,3,5,1,18,90,3,1,24,synthetic
6,2,3,2,1,24,69,5,3,28,synthetic
0.5,2,4,4,1,6,69,5,10,10,synthetic
3,4,3,2,0,0,21,4,3,48,synthetic
6,4,1,2,1,36,13,4,3,34,synthetic
2,2,3,5,1,18,7,7,1,16,synthetic
5,5,4,5,0,0,52,6,14,95,synthetic
1.5,5,2,1,0,0,13,2,5,91.0,synthetic
2,3,1,3,0,0,44,5,14,82,synthetic
1.5,2,3,1,0,0,71,1,7,66.0,synthetic
3,3,3,3,0,0,77,3,10,84,synthetic
3,2,2,2,0,0,66,6,1,24,synthetic
2,1,4,5,1,6,15,7,2,4,synthetic
0.5,2,3,3,0,0,96,5,1,24,synthetic
1,4,3,4,0,0,74,4,4,48,synthetic
0.5,5,1,3,1,6,77,7,5,16,synthetic
6,5,3,4,0,0,95,6,2,24,synthetic
6,1,3,4,1,36,8,2,2,24,synthetic
3,3,4,1,1,12,29,7,10,10,synthetic
2,4,1,2,0,0,23,5,14,87,synthetic
0.5,4,4,4,1,72,0,2,14,74.0,synthetic
1.5,2,2,3,0,0,95,5,2,24,synthetic
0.5,2,3,1,0,0,49,4,1,24,synthetic
3,2,4,1,1,48,17,5,3,46,synthetic
1,3,4,1,1,18,97,2,10,36,synthetic
4,1,3,5,1,72,64,7,14,72,synthetic
1,4,1,5,0,0,18,4,5,92,synthetic
6,3,4,4,0,0,12,4,1,24,synthetic
0.5,5,1,3,0,0,98,6,4,48,synthetic
1,4,3,1,0,0,72,2,2,24,synthetic
2,1,4,4,1,72,60,5,3,48,synthetic
5,4,3,3,1,18,34,4,5,16,synthetic
4,3,4,4,1,6,15,2,5,12,synthetic
3,2,3,2,1,24,77,7,1,24,synthetic
4,2,4,5,0,0,60,2,3,48,synthetic
3,4,3,1,1,36,17,4,4,34,synthetic
2,5,1,5,1,6,22,4,7,4,synthetic
4,2,2,5,0,0,81,1,14,101,synthetic
1,1,2,5,1,72,87,3,5,73,synthetic
5,5,4,4,0,0,71,5,5,98,synthetic
6,4,1,5,1,36,71,6,10,40,synthetic
6,3,4,2,0,0,22,1,5,82,synthetic
1,1,3,4,1,6,80,5,7,16,synthetic
2,2,4,3,1,12,51,1,5,18,synthetic
3,1,2,5,1,12,51,7,5,10,synthetic
3,2,3,3,1,24,69,7,7,28,synthetic
3,3,1,1,0,0,5,7,7,80,synthetic
1.5,2,2,5,1,36,73,6,2,24,synthetic
4,2,2,4,1,12,92,7,5,22,synthetic
1,4,4,1,0,0,27,4,7,59,synthetic
5,4,1,4,1,6,87,7,14,16,synthetic
5,4,1,1,0,0,94,5,5,108,synthetic
1,2,4,5,1,48,98,5,14,58,synthetic
1.5,3,4,2,0,0,37,7,1,24,synthetic
1,4,2,4,0,0,96,6,7,94,synthetic
4,4,3,4,1,24,94,3,7,34,synthetic
1,5,3,4,1,12,37,5,3,10,synthetic
2,1,2,1,0,0,45,5,10,53,synthetic
5,3,4,3,1,48,39,3,7,46,synthetic
2,5,1,1,0,0,83,1,2,24,synthetic
2,1,1,2,0,0,3,1,1,24,synthetic
5,2,4,4,0,0,35,6,7,68,synthetic
1.5,3,1,4,0,0,60,6,4,48,synthetic
6,4,4,4,0,0,48,3,7,88,synthetic
1,2,3,3,0,0,14,2,4,48,synthetic
1.5,5,1,1,1,36,1,7,10,34,synthetic
4,1,2,2,0,0,75,3,1,24,synthetic
5,3,2,4,0,0,59,4,14,96,synthetic
2,2,2,5,1,12,44,5,4,10,synthetic
5,5,3,4,0,0,61,2,4,48,synthetic
1.5,4,4,5,0,0,48,3,2,24,synthetic
1.5,5,4,5,0,0,97,7,5,93.0,synthetic
1.5,3,4,5,0,0,84,4,7,77.0,synthetic
6,2,1,1,0,0,78,1,3,48,synthetic
3,2,2,2,0,0,23,7,10,68,synthetic
3,2,1,1,1,48,79,3,4,48,synthetic
0.5,1,2,5,0,0,10,3,2,24,synthetic
5,4,1,2,0,0,30,5,10,99,synthetic
3,4,1,3,1,12,63,3,7,16,synthetic
0.5,1,1,5,0,0,50,5,7,66.0,synthetic
1.5,4,3,2,0,0,58,1,5,85.0,synthetic
6,1,1,1,0,0,84,4,4,48,synthetic
0.5,4,2,2,0,0,91,4,7,86.0,synthetic
2,1,3,2,1,72,58,7,3,48,synthetic
4,4,3,5,1,12,10,7,7,10,synthetic
2,1,2,1,0,0,20,5,4,48,synthetic
2,4,1,4,0,0,96,4,7,105,synthetic
4,1,4,3,0,0,13,4,14,53,synthetic
4,2,2,3,0,0,38,4,4,48,synthetic
2,3,2,2,0,0,42,2,14,80,synthetic
1,5,4,3,0,0,88,4,3,48,synthetic
6,3,1,1,0,0,49,4,3,48,synthetic
5,2,2,1,1,18,39,6,2,16,synthetic
4,5,4,5,0,0,58,2,2,24,synthetic
5,4,3,1,0,0,29,1,10,90,synthetic
5,3,1,4,1,36,56,1,7,48,synthetic
1.5,2,4,5,1,48,27,1,10,54,synthetic
0.5,2,2,3,1,36,12,6,4,34,synthetic
1,3,2,1,0,0,89,4,10,77,synthetic
6,2,3,4,1,12,42,5,3,10,synthetic
6,1,1,5,1,24,87,6,3,34,synthetic
2,5,4,5,1,6,72,1,2,18,synthetic
0.5,5,3,4,0,0,89,2,10,101.0,synthetic
5,5,2,5,0,0,30,5,5,109,synthetic
6,2,1,1,0,0,55,5,5,84,synthetic
1.5,2,2,2,1,12,14,7,1,10,synthetic
1,3,3,5,1,12,74,6,10,16,synthetic
5,1,1,2,1,18,79,7,2,24,synthetic
5,5,3,2,0,0,41,1,1,24,synthetic
1.5,4,4,5,0,0,25,4,4,48,synthetic
2,1,4,4,0,0,97,7,1,24,synthetic
6,3,3,4,1,12,84,3,1,22,synthetic
1,2,2,1,1,6,71,5,3,10,synthetic
1,4,2,1,0,0,43,4,14,73,synthetic
1.5,4,4,1,0,0,14,5,14,61.0,synthetic
3,2,3,2,1,12,83,1,4,30,synthetic
1.5,2,1,1,1,12,3,1,10,18,synthetic
0.5,1,3,4,1,72,64,1,5,63.0,synthetic
1,4,4,3,1,36,29,6,1,24,synthetic
5,5,3,3,1,72,18,2,5,78,synthetic
5,3,1,5,1,12,61,7,1,16,synthetic
2,4,4,1,1,6,95,6,7,16,synthetic
1,3,3,2,1,72,2,4,7,61,synthetic
0.5,5,4,1,1,48,53,4,14,46,synthetic
6,4,1,2,1,18,71,6,10,22,synthetic
0.5,4,4,2,0,0,83,7,5,72.0,synthetic
5,3,1,2,0,0,90,5,2,24,synthetic
2,2,1,5,1,12,47,1,10,18,synthetic
4,3,4,5,0,0,32,5,5,75,synthetic
4,5,2,3,1,36,14,2,4,42,synthetic
3,1,1,5,0,0,74,7,5,82,synthetic
6,4,2,2,0,0,61,3,1,24,synthetic
3,5,4,5,0,0,67,6,4,48,synthetic
5,1,3,2,0,0,46,2,4,48,synthetic
3,2,2,1,0,0,47,4,2,24,synthetic
4,3,2,4,0,0,48,1,4,48,synthetic
2,1,4,4,0,0,17,3,2,24,synthetic
5,1,3,5,0,0,89,7,1,24,synthetic
6,4,4,2,0,0,12,4,10,82,synthetic
1.5,4,3,2,0,0,76,7,5,83.0,synthetic
3,3,1,2,0,0,76,6,7,95,synthetic
5,5,3,5,0,0,10,2,14,110,synthetic
3,1,3,5,1,72,76,5,4,48,synthetic
0.5,5,3,4,0,0,47,1,10,89.0,synthetic
5,3,1,5,0,0,54,4,1,24,synthetic
5,3,4,2,0,0,54,4,1,24,synthetic
3,3,1,2,1,6,47,4,1,4,synthetic
1,3,3,4,0,0,71,7,2,24,synthetic
1,4,4,4,1,18,35,4,3,16,synthetic
3,2,3,4,1,18,63,2,4,30,synthetic
1.5,2,3,5,0,0,21,3,2,24,synthetic
5,5,3,5,0,0,90,3,2,24,synthetic
3,4,4,5,0,0,32,4,2,24,synthetic
6,5,3,2,0,0,8,3,7,97,synthetic
2,2,2,4,0,0,32,7,3,48,synthetic
5,4,1,3,0,0,75,5,4,48,synthetic
3,1,2,1,0,0,94,5,1,24,synthetic
6,3,3,3,0,0,2,5,2,24,synthetic
0.5,3,1,3,0,0,25,5,4,48,synthetic
6,5,1,3,0,0,49,1,7,122,synthetic
5,3,3,4,1,12,45,3,10,10,synthetic
6,5,3,5,0,0,78,6,4,48,synthetic
5,5,3,5,0,0,18,1,7,110,synthetic
6,5,1,2,0,0,23,2,4,48,synthetic
4,2,3,1,1,18,16,5,14,16,synthetic
3,5,4,3,1,24,97,5,1,24,synthetic
2,3,2,1,0,0,48,4,14,69,synthetic
4,3,1,4,1,48,29,5,4,46,synthetic
5,5,4,1,0,0,23,7,1,24,synthetic
1,1,4,5,1,48,98,2,2,24,synthetic
1.5,2,3,3,1,12,34,4,4,10,synthetic
6,2,1,4,0,0,9,1,3,48,synthetic
1.5,1,3,2,1,18,94,5,7,28,synthetic
0.5,3,3,5,0,0,18,5,1,24,synthetic
6,1,1,1,1,18,43,7,10,16,synthetic
1,2,3,4,0,0,24,3,14,59,synthetic
0.5,3,4,2,0,0,57,2,1,24,synthetic
4,1,4,3,1,36,11,3,5,34,synthetic
3,4,2,5,0,0,1,3,5,93,synthetic
3,1,2,5,1,48,28,1,2,24,synthetic
3,5,2,3,1,24,90,2,4,42,synthetic
1,4,1,5,1,48,34,2,2,24,synthetic
0.5,1,3,2,1,6,83,7,14,16,synthetic
5,5,2,2,1,48,76,3,14,58,synthetic
2,2,3,5,0,0,41,3,1,24,synthetic
4,3,4,5,0,0,54,2,14,83,synthetic
3,4,3,1,0,0,93,6,10,86,synthetic
6,1,1,2,0,0,15,5,4,48,synthetic
0.5,4,2,5,1,18,10,7,4,16,synthetic
4,1,4,1,0,0,9,3,2,24,synthetic
6,2,2,3,0,0,65,2,7,97,synthetic
2,5,1,3,0,0,48,6,14,98,synthetic
1,5,3,5,0,0,52,4,14,86,synthetic
0.5,4,2,5,1,72,80,2,2,24,synthetic
0.5,5,4,4,0,0,66,5,3,48,synthetic
1.5,3,1,2,0,0,73,6,4,48,synthetic
0.5,5,3,1,1,24,81,3,5,34,synthetic
3,2,1,1,1,24,39,2,5,30,synthetic
5,3,2,4,1,72,77,5,2,24,synthetic
1,4,1,2,1,24,84,5,4,34,synthetic
1.5,2,4,4,1,36,91,2,1,24,synthetic
1,1,2,4,1,36,62,2,3,48,synthetic
5,2,3,3,1,6,98,2,5,24,synthetic
3,3,4,2,0,0,35,6,1,24,synthetic
1,2,3,4,1,48,13,6,14,46,synthetic
6,5,1,2,1,6,4,6,5,4,synthetic
1.5,5,3,5,0,0,96,1,5,108.0,synthetic
4,2,2,4,1,6,92,4,10,16,synthetic
3,2,4,3,1,12,45,1,5,18,synthetic
0.5,3,3,1,1,36,57,3,2,24,synthetic
1.5,4,4,1,1,6,8,6,1,4,synthetic
2,1,2,4,0,0,51,2,1,24,synthetic
1.5,1,2,4,0,0,12,5,2,24,synthetic
2,5,3,3,1,24,86,3,2,24,synthetic
2,3,4,1,0,0,17,6,2,24,synthetic
3,3,3,1,1,6,3,2,14,12,synthetic
1,2,4,2,1,6,90,5,3,16,synthetic
5,4,4,2,1,6,64,1,2,18,synthetic
1,5,2,2,0,0,96,1,14,104,synthetic
1,4,2,5,1,48,23,2,3,48,synthetic
2,1,3,2,0,0,0,7,3,48,synthetic
0.5,1,4,4,0,0,60,5,5,48.0,synthetic
4,5,1,5,1,24,3,6,4,22,synthetic
2,4,1,2,1,18,25,7,4,16,synthetic
2,3,3,2,1,48,44,3,5,46,synthetic
4,5,4,5,1,72,93,1,3,48,synthetic
5,4,2,2,0,0,26,4,7,92,synthetic
0.5,4,2,3,1,18,18,5,5,16,synthetic
4,5,1,2,1,6,0,3,3,4,synthetic
4,4,4,1,1,72,91,6,1,24,synthetic
1.5,2,3,1,1,36,49,3,10,34,synthetic
6,5,2,1,0,0,27,5,3,48,synthetic
5,3,3,3,1,48,37,2,3,48,synthetic
1.5,1,1,4,1,24,58,3,14,28,synthetic
1.5,2,2,3,0,0,51,2,7,73.0,synthetic
1.5,4,4,1,0,0,55,1,5,69.0,synthetic
0.5,3,1,1,0,0,72,2,3,48,synthetic
4,3,4,4,1,36,59,1,7,48,synthetic
6,2,2,2,0,0,85,2,14,100,synthetic
3,1,1,2,0,0,35,1,4,48,synthetic
2,1,1,1,0,0,42,4,14,60,synthetic
1,4,1,5,0,0,74,5,4,48,synthetic
1,3,4,2,1,24,100,1,7,42,synthetic
6,5,3,2,0,0,97,6,1,24,synthetic
2,2,1,1,1,18,56,4,14,22,synthetic
5,4,1,3,0,0,2,2,2,24,synthetic
1.5,1,4,3,0,0,75,3,4,48,synthetic
5,2,4,3,1,24,97,3,5,34,synthetic
1,3,3,2,1,48,98,5,1,24,synthetic
4,5,4,2,1,6,40,5,1,4,synthetic
1,1,1,2,1,24,25,3,2,22,synthetic
3,5,1,2,1,24,37,1,14,30,synthetic
6,1,3,5,1,24,97,3,3,34,synthetic
1,3,2,2,1,6,63,6,7,10,synthetic
5,2,4,3,0,0,62,2,2,24,synthetic
1,4,3,3,1,18,69,5,14,22,synthetic
2,3,2,4,0,0,55,6,2,24,synthetic
5,2,1,1,0,0,85,7,5,92,synthetic
3,2,1,3,1,24,34,3,5,22,synthetic
0.5,2,1,1,0,0,75,1,3,48,synthetic
2,3,4,3,1,24,83,7,1,24,synthetic
4,3,3,3,0,0,97,6,1,24,synthetic
0.5,5,1,1,1,72,0,5,5,70,synthetic
0.5,5,3,5,0,0,56,1,2,24,synthetic
1.5,4,2,1,1,6,72,6,4,10,synthetic
2,5,2,2,1,72,2,4,2,24,synthetic
1,4,2,1,1,24,59,1,1,24,synthetic
1,4,3,4,0,0,98,2,1,24,synthetic
1,2,1,2,0,0,42,2,5,75,synthetic
1.5,3,1,1,0,0,65,6,10,80.0,synthetic
5,2,4,1,0,0,45,3,2,24,synthetic
1,3,4,3,1,24,67,1,14,36,synthetic
6,5,3,5,1,6,64,5,1,10,synthetic
3,4,3,2,1,36,39,3,5,34,synthetic
4,3,2,2,1,48,19,3,2,24,synthetic
0.5,2,3,1,1,24,30,3,1,22,synthetic
5,3,3,1,1,72,60,3,14,76,synthetic
0.5,1,3,2,0,0,45,4,4,43.0,synthetic
0.5,5,4,3,1,72,17,5,1,24,synthetic
1,1,4,3,1,6,41,6,1,4,synthetic
5,5,1,3,1,48,88,4,1,24,synthetic
1.5,1,3,4,0,0,23,3,2,24,synthetic
0.5,2,1,1,1,72,98,1,5,82.0,synthetic
2,2,3,5,0,0,98,5,7,78,synthetic
1.5,4,3,5,0,0,98,5,3,48,synthetic
2,2,1,1,0,0,15,7,1,24,synthetic
2,1,3,3,1,12,87,1,3,30,synthetic
0.5,4,4,1,1,6,96,4,2,16,synthetic
3,4,2,2,1,48,49,4,2,24,synthetic
3,1,1,5,0,0,100,6,2,24,synthetic
1,1,4,5,0,0,55,7,1,24,synthetic
3,3,1,5,1,12,81,5,7,22,synthetic
4,1,1,3,1,36,27,3,1,24,synthetic
3,4,2,3,0,0,0,1,10,95,synthetic
2,1,4,5,1,18,27,2,3,24,synthetic
3,4,1,2,0,0,63,7,1,24,synthetic
6,3,1,4,0,0,69,4,5,107,synthetic
1.5,2,1,3,1,24,70,3,4,28,synthetic
3,2,2,5,1,48,59,1,7,60,synthetic
4,3,2,5,0,0,91,5,1,24,synthetic
1,2,4,3,0,0,60,5,10,55,synthetic
5,1,3,1,0,0,28,1,5,66,synthetic
0.5,2,3,3,1,6,26,6,3,4,synthetic
1.5,5,2,3,1,36,100,7,5,46,synthetic
1,1,2,1,1,48,82,4,4,48,synthetic
1.5,1,4,2,0,0,100,7,4,48,synthetic
1,3,3,5,0,0,7,6,14,70,synthetic
4,1,2,5,0,0,49,1,14,81,synthetic
2,5,1,2,0,0,86,1,1,24,synthetic
6,2,2,5,1,48,77,3,7,58,synthetic
6,4,3,5,0,0,58,7,5,104,synthetic
1,4,4,4,0,0,87,3,14,80,synthetic
3,5,3,1,0,0,4,5,1,24,synthetic
6,1,4,3,1,48,70,5,3,48,synthetic
1.5,3,1,2,1,12,2,4,14,10,synthetic
3,4,4,1,1,36,17,2,5,42,synthetic
0.5,3,3,5,1,18,11,6,5,16,synthetic
4,1,1,1,0,0,84,1,3,48,synthetic
1,3,1,1,0,0,8,4,4,48,synthetic
2,1,1,2,0,0,46,2,4,48,synthetic
6,3,2,3,0,0,73,2,2,24,synthetic
2,5,1,1,0,0,93,5,4,48,synthetic
0.5,5,4,5,0,0,45,3,4,48,synthetic
3,1,4,3,1,36,12,1,14,42,synthetic
6,3,2,2,0,0,67,2,1,24,synthetic
2,5,4,1,0,0,63,4,14,77,synthetic
1.5,3,3,2,1,18,85,7,3,28,synthetic
0.5,3,4,3,0,0,98,7,1,24,synthetic
0.5,4,4,1,0,0,56,6,10,63.0,synthetic
5,3,4,4,0,0,31,6,1,24,synthetic
2,1,1,1,1,6,10,7,4,4,synthetic
1,4,1,3,0,0,82,7,1,24,synthetic
4,4,4,3,1,72,25,5,1,24,synthetic
1,2,4,2,1,6,37,2,1,12,synthetic
5,4,2,2,1,18,81,6,5,28,synthetic
0.5,3,2,3,0,0,74,5,7,75.0,synthetic
0.5,5,3,3,1,48,16,7,14,46,synthetic
4,3,4,4,0,0,10,1,3,48,synthetic
1,3,3,2,0,0,68,7,3,48,synthetic
1,1,1,4,0,0,74,1,14,79,synthetic
2,4,1,3,1,24,9,3,3,22,synthetic
4,1,4,3,0,0,82,3,3,48,synthetic
1.5,1,1,1,0,0,65,2,2,24,synthetic
1.5,5,3,4,0,0,41,4,2,24,synthetic
5,4,4,3,1,12,100,7,3,22,synthetic
3,2,4,5,0,0,25,2,5,71,synthetic
6,4,3,4,1,36,4,4,10,34,synthetic
4,4,3,1,1,36,88,5,2,24,synthetic
5,5,3,1,0,0,40,4,10,90,synthetic
2,4,4,3,1,18,36,7,10,16,synthetic
6,2,3,5,1,24,6,6,14,22,synthetic
0.5,4,1,3,0,0,51,4,3,48,synthetic
1.5,5,3,1,1,48,91,6,1,24,synthetic
2,2,1,5,0,0,55,5,1,24,synthetic
3,3,1,4,1,6,42,4,5,4,synthetic
3,2,1,3,1,72,43,7,4,48,synthetic
2,4,2,5,0,0,89,7,1,24,synthetic
5,1,1,4,0,0,64,2,5,95,synthetic
6,3,4,5,1,48,18,7,1,24,synthetic
1.5,1,4,3,0,0,38,5,4,43.0,synthetic
5,4,1,1,1,12,24,7,14,10,synthetic
6,5,4,1,1,12,2,2,10,18,synthetic
1,3,1,5,1,12,1,6,10,10,synthetic
1.5,1,4,2,0,0,69,5,5,46.0,synthetic
6,4,3,2,0,0,53,3,14,89,synthetic
5,3,1,5,1,18,86,3,14,28,synthetic
6,4,3,4,1,72,80,3,14,82,synthetic
6,1,2,4,1,36,59,3,7,40,synthetic
0.5,5,3,4,0,0,82,2,7,101.0,synthetic
2,5,2,3,1,36,24,7,10,34,synthetic
2,3,2,5,0,0,12,5,1,24,synthetic
2,2,4,3,1,48,35,5,7,46,synthetic
2,3,2,1,0,0,63,1,2,24,synthetic
0.5,5,1,5,0,0,74,1,10,112.0,synthetic
0.5,4,2,4,1,6,37,1,2,12,synthetic
2,1,3,5,1,24,81,4,4,34,synthetic
6,4,2,2,1,36,3,5,7,34,synthetic
5,2,4,3,0,0,51,7,10,65,synthetic
2,1,4,1,0,0,64,6,2,24,synthetic
5,2,2,3,0,0,79,5,3,48,synthetic
3,2,4,2,1,24,76,1,2,24,synthetic
0.5,2,2,3,0,0,33,3,2,24,synthetic
0.5,3,1,3,0,0,13,7,4,48,synthetic
3,4,1,4,0,0,90,2,5,117,synthetic
1,4,4,2,1,48,44,6,5,46,synthetic
5,5,2,3,1,72,30,7,1,24,synthetic
1,1,1,1,1,24,71,2,7,36,synthetic
1.5,5,4,3,1,24,72,4,5,28,synthetic
4,1,4,3,1,36,29,7,5,34,synthetic
0.5,1,2,1,1,72,60,4,1,24,synthetic
1,5,2,2,1,12,16,2,3,18,synthetic
1.5,5,1,3,1,12,65,7,7,16,synthetic
0.5,1,2,5,1,12,6,6,1,10,synthetic
4,4,2,1,0,0,84,2,7,105,synthetic
1.5,4,4,1,0,0,26,2,3,48,synthetic
6,5,2,3,0,0,79,6,14,119,synthetic
5,2,4,4,0,0,23,2,5,76,synthetic
5,3,3,1,0,0,39,6,3,48,synthetic
1,4,1,3,0,0,34,3,1,24,synthetic
1.5,4,1,2,1,24,6,5,14,22,synthetic
2,4,3,1,0,0,23,7,1,24,synthetic
1.5,1,1,1,0,0,65,2,2,24,synthetic
4,1,2,4,0,0,89,1,3,48,synthetic
3,5,3,5,0,0,100,4,2,24,synthetic
2,5,1,2,0,0,95,3,1,24,synthetic
0.5,4,4,3,0,0,58,5,10,69.0,synthetic
5,1,1,5,0,0,47,7,4,48,synthetic
1,4,2,4,1,48,8,3,10,46,synthetic
6,4,1,2,0,0,61,5,2,24,synthetic
2,2,3,5,1,24,34,2,1,24,synthetic
5,5,4,3,0,0,9,1,4,48,synthetic
4,2,2,1,1,24,87,5,4,34,synthetic
3,4,2,3,1,12,83,4,2,22,synthetic
3,1,2,5,1,48,3,5,2,24,synthetic
1.5,4,4,1,1,48,25,1,10,54,synthetic
1.5,4,2,4,1,36,40,6,2,24,synthetic
4,2,3,2,0,0,83,5,3,48,synthetic
5,2,4,3,1,36,67,3,14,40,synthetic
2,2,1,1,1,24,59,7,5,28,synthetic
0.5,5,3,3,0,0,46,7,7,78.0,synthetic
5,4,2,5,0,0,4,7,3,48,synthetic
5,4,2,5,1,12,70,5,5,16,synthetic
1,3,2,3,1,18,76,2,10,36,synthetic
3,5,3,3,0,0,34,6,10,88,synthetic
1,2,4,4,0,0,95,6,7,64,synthetic
1.5,2,3,5,1,24,27,5,1,22,synthetic
1,1,1,2,1,72,42,4,2,24,synthetic
1,3,3,4,1,18,29,6,4,16,synthetic
1.5,5,1,4,0,0,80,4,4,48,synthetic
5,1,3,1,1,18,28,7,3,16,synthetic
6,2,4,2,0,0,56,4,3,48,synthetic
5,4,1,3,0,0,40,3,7,102,synthetic
3,4,2,5,1,48,28,7,2,24,synthetic
1,1,4,2,0,0,57,1,10,52,synthetic
0.5,1,2,2,1,72,70,6,4,48,synthetic
0.5,1,1,3,0,0,66,5,5,66.0,synthetic
4,4,2,2,1,24,51,5,1,22,synthetic
5,2,4,3,1,12,67,4,1,16,synthetic
1.5,2,1,1,0,0,19,7,10,66.0,synthetic
0.5,2,2,1,1,36,53,6,5,34,synthetic
2,2,3,3,1,36,34,2,3,42,synthetic
1,2,1,4,0,0,67,6,7,79,synthetic
4,3,2,3,0,0,30,5,14,83,synthetic
5,5,2,3,1,72,42,7,1,24,synthetic
6,5,1,1,1,6,100,5,7,16,synthetic
3,1,1,5,0,0,91,5,1,24,synthetic
3,4,1,4,1,48,51,3,14,46,synthetic
2,3,4,1,0,0,42,3,10,55,synthetic
0.5,2,3,4,1,6,30,5,4,4,synthetic
6,1,4,2,0,0,45,7,4,48,synthetic
1,4,3,3,0,0,79,7,3,48,synthetic
1,3,4,1,0,0,60,5,7,57,synthetic
1.5,2,2,3,1,48,6,5,14,46,synthetic
6,3,2,3,0,0,47,5,7,91,synthetic
3,2,4,1,0,0,85,1,14,71,synthetic
5,5,2,2,0,0,48,1,1,24,synthetic
5,2,4,2,0,0,73,4,7,68,synthetic
2,2,4,1,0,0,74,4,4,48,synthetic
1,1,4,4,1,24,66,7,3,28,synthetic
6,1,3,2,0,0,58,7,14,71,synthetic
2,5,2,3,0,0,32,4,10,91,synthetic
6,3,3,3,1,36,83,3,14,46,synthetic
5,1,3,1,1,24,24,4,10,22,synthetic
1,5,4,2,1,36,63,2,3,48,synthetic
1,3,4,1,0,0,91,4,10,63,synthetic
2,5,2,3,1,18,93,7,4,28,synthetic
0.5,2,1,2,1,6,50,5,7,4,synthetic
5,3,2,4,0,0,95,6,7,102,synthetic
5,2,3,2,0,0,58,3,4,48,synthetic
0.5,1,2,4,1,6,98,5,1,16,synthetic
4,4,3,2,0,0,6,6,14,81,synthetic
0.5,4,3,4,1,24,8,7,3,22,synthetic
0.5,3,4,5,1,48,40,6,2,24,synthetic
1.5,1,3,2,0,0,31,4,14,47.0,synthetic
5,5,2,4,1,24,29,6,1,22,synthetic
2,4,1,2,0,0,87,7,4,48,synthetic
5,1,3,3,1,12,0,4,5,10,synthetic
0.5,2,1,3,1,6,14,5,1,4,synthetic
0.5,5,2,5,1,24,87,1,3,42,synthetic
1,2,1,4,1,24,97,3,5,34,synthetic
6,2,2,1,0,0,76,3,2,24,synthetic
2,1,2,5,0,0,51,3,3,48,synthetic
6,3,2,4,1,24,18,4,1,22,synthetic
1,5,2,2,1,24,68,7,5,28,synthetic
0.5,3,2,5,0,0,16,6,10,75.0,synthetic
2,2,2,4,0,0,3,3,2,24,synthetic
4,2,2,5,0,0,66,5,7,87,synthetic
3,4,2,4,0,0,61,6,7,96,synthetic
0.5,5,3,3,1,24,74,4,4,28,synthetic
1.5,4,4,2,1,48,67,4,5,52,synthetic
6,1,3,2,1,24,68,7,3,28,synthetic
1,3,3,2,0,0,26,1,3,48,synthetic
5,1,3,3,0,0,89,2,2,24,synthetic
1,5,2,3,0,0,26,1,7,95,synthetic
1,2,2,1,1,48,36,5,14,46,synthetic
1,3,1,2,0,0,20,4,3,48,synthetic
4,5,4,3,0,0,54,1,4,48,synthetic
3,3,1,5,0,0,65,6,4,48,synthetic
2,3,2,4,1,18,100,5,2,24,synthetic
6,4,4,3,1,6,38,4,2,4,synthetic
4,2,2,1,0,0,58,1,10,83,synthetic
1,4,3,4,0,0,72,7,10,81,synthetic
2,1,4,1,0,0,6,6,4,39,synthetic
1,2,3,4,0,0,55,6,7,59,synthetic
1.5,1,2,4,1,72,17,4,5,60.0,synthetic
2,1,1,3,0,0,58,6,2,24,synthetic
0.5,4,1,3,0,0,74,2,7,98.0,synthetic
3,1,2,3,0,0,95,2,1,24,synthetic
5,5,2,2,0,0,22,1,4,48,synthetic
4,5,3,5,0,0,12,2,4,48,synthetic
1,1,2,2,0,0,84,6,10,64,synthetic
2,2,2,1,1,6,14,6,14,4,synthetic
6,5,2,3,0,0,19,7,4,48,synthetic
1.5,2,4,5,0,0,75,4,5,63.0,synthetic
5,1,2,3,0,0,33,3,10,71,synthetic
1.5,4,1,4,1,12,66,3,4,16,synthetic
4,3,1,1,1,72,33,7,2,24,synthetic
2,2,1,2,1,48,46,4,10,46,synthetic
4,3,2,2,0,0,5,1,3,48,synthetic
2,5,4,5,1,72,57,5,4,48,synthetic
1.5,1,4,3,0,0,64,7,14,49.0,synthetic
4,3,1,3,0,0,26,7,10,90,synthetic
1,4,2,2,1,6,83,1,3,24,synthetic
1,2,4,1,1,72,37,3,10,43,synthetic
0.5,3,2,5,1,6,94,5,5,16,synthetic
3,4,3,1,1,24,22,7,14,22,synthetic
2,3,1,3,0,0,84,2,1,24,synthetic
1,5,4,2,0,0,54,1,3,48,synthetic
5,1,1,1,0,0,56,3,4,48,synthetic
5,3,2,4,0,0,24,2,3,48,synthetic
3,1,1,4,0,0,80,2,7,93,synthetic
0.5,2,3,4,1,6,73,7,14,10,synthetic
1,5,3,3,1,12,46,3,7,10,synthetic
2,3,2,2,0,0,78,4,3,48,synthetic
0.5,2,1,4,1,6,63,3,4,10,synthetic
6,4,1,3,0,0,20,7,1,24,synthetic
2,2,3,2,1,72,85,1,4,48,synthetic
0.5,5,1,5,0,0,66,5,4,48,synthetic
4,1,4,5,0,0,95,7,10,71,synthetic
2,1,4,4,0,0,59,1,5,62,synthetic
6,5,4,3,1,72,39,2,10,78,synthetic
4,3,2,4,0,0,76,3,10,98,synthetic
1.5,3,2,1,0,0,24,3,7,67.0,synthetic
0.5,5,1,5,0,0,14,7,14,98.0,synthetic
1.5,2,3,3,1,36,45,7,10,34,synthetic
6,1,4,4,1,18,76,5,2,24,synthetic
1,3,3,4,0,0,67,1,1,24,synthetic
0.5,4,1,3,1,72,16,7,5,70,synthetic
4,3,3,5,0,0,37,7,3,48,synthetic
0.5,5,3,4,1,24,26,1,2,24,synthetic
2,1,1,4,1,24,28,2,7,30,synthetic
1.5,5,3,1,1,24,60,4,14,28,synthetic
3,4,3,4,0,0,74,3,7,89,synthetic
6,4,2,3,1,18,14,2,4,24,synthetic
1.5,2,4,5,0,0,25,1,2,24,synthetic
0.5,1,4,5,0,0,54,3,5,45.0,synthetic
4,1,3,1,0,0,22,6,14,54,synthetic
4,3,2,4,0,0,37,4,7,86,synthetic
2,1,1,5,0,0,46,5,2,24,synthetic
6,5,4,2,1,36,58,6,1,24,synthetic
1,3,2,1,1,36,23,4,1,24,synthetic
3,1,4,1,0,0,41,1,1,24,synthetic
1,5,1,4,0,0,44,3,10,97,synthetic
1.5,4,2,1,0,0,16,1,5,83.0,synthetic
1.5,1,1,2,1,24,15,1,5,30,synthetic
3,3,1,5,1,48,83,6,14,58,synthetic
6,4,3,1,1,18,31,3,10,16,synthetic
1.5,5,1,2,1,12,30,4,5,10,synthetic
1.5,2,2,2,1,18,19,1,5,24,synthetic
4,4,1,3,0,0,33,2,2,24,synthetic
1,4,2,4,0,0,20,3,5,82,synthetic
4,2,3,2,1,6,49,5,3,4,synthetic
3,4,1,5,1,48,91,6,2,24,synthetic
0.5,4,2,3,1,12,55,6,14,10,synthetic
5,3,2,4,1,24,61,1,2,24,synthetic
0.5,3,2,3,0,0,3,4,2,24,synthetic
1.5,3,4,3,0,0,3,4,10,59.0,synthetic
0.5,5,1,3,0,0,60,2,3,48,synthetic
3,1,1,1,0,0,30,1,14,72,synthetic
0.5,5,4,4,1,36,55,7,10,34,synthetic
5,3,1,4,0,0,13,3,5,97,synthetic
5,5,2,3,1,12,19,4,5,10,synthetic
2,1,2,1,1,12,48,2,10,18,synthetic
0.5,3,4,1,1,48,44,7,14,46,synthetic
6,5,1,3,1,12,24,5,2,10,synthetic
4,1,1,4,1,18,99,2,7,36,synthetic
1.5,3,3,5,1,36,23,5,14,34,synthetic
2,5,3,4,0,0,78,1,1,24,synthetic
5,2,4,5,1,36,37,4,14,34,synthetic
2,3,2,2,1,18,21,4,2,16,synthetic
3,5,4,2,0,0,5,5,4,48,synthetic
1,5,4,3,1,6,73,3,14,10,synthetic
1.5,5,3,2,1,36,42,7,7,34,synthetic
2,2,2,5,1,6,76,2,2,24,synthetic
0.5,2,3,5,0,0,38,5,14,60.0,synthetic
1.5,3,3,4,0,0,27,4,5,69.0,synthetic
0.5,5,3,4,1,12,12,5,10,10,synthetic
4,2,3,4,0,0,60,2,5,85,synthetic
1,5,2,5,1,72,30,1,4,48,synthetic
1,5,4,2,0,0,51,6,4,48,synthetic
5,3,4,4,1,48,1,1,3,48,synthetic
1,5,3,2,0,0,83,4,14,89,synthetic
2,1,3,2,1,12,65,1,4,24,synthetic
1.5,5,2,2,0,0,16,6,10,86.0,synthetic
1.5,5,2,4,0,0,69,3,2,24,synthetic
6,5,3,5,1,6,56,7,10,10,synthetic
1.5,3,2,3,0,0,100,7,14,85.0,synthetic
2,2,1,3,1,48,19,6,3,46,synthetic
0.5,2,1,4,1,24,36,2,3,30,synthetic
4,1,3,2,0,0,63,5,10,63,synthetic
3,3,1,1,1,12,22,1,14,18,synthetic
0.5,4,2,1,1,72,13,5,5,70,synthetic
4,5,3,3,0,0,2,4,1,24,synthetic
1,1,1,2,0,0,46,2,2,24,synthetic
3,3,1,2,1,12,43,4,4,10,synthetic
2,4,2,3,0,0,59,2,2,24,synthetic
2,5,4,1,0,0,57,5,7,77,synthetic
5,1,2,5,1,48,100,4,5,58,synthetic
6,4,2,3,0,0,15,6,7,99,synthetic
5,4,2,1,1,36,96,1,10,54,synthetic
4,2,1,4,0,0,15,6,10,85,synthetic
1,3,1,2,1,36,28,2,5,42,synthetic
0.5,2,3,5,0,0,60,2,5,74.0,synthetic
1.5,4,1,2,0,0,5,5,10,85.0,synthetic
0.5,1,3,1,1,6,8,7,3,4,synthetic
1.5,4,1,1,1,18,2,2,3,24,synthetic
2,2,3,1,0,0,52,3,4,48,synthetic
3,4,3,1,1,36,57,2,7,48,synthetic
1,1,3,2,1,36,99,6,14,46,synthetic
5,3,1,4,0,0,89,4,3,48,synthetic
2,2,2,4,1,24,21,5,10,22,synthetic
2,2,2,1,0,0,67,2,5,75,synthetic
4,2,1,3,0,0,69,6,3,48,synthetic
6,5,2,3,0,0,98,5,1,24,synthetic
5,4,1,1,0,0,77,3,7,108,synthetic
0.5,4,3,5,0,0,9,7,1,24,synthetic
5,4,2,3,1,12,70,1,3,24,synthetic
0.5,3,2,3,0,0,3,5,14,69.0,synthetic
2,1,2,1,0,0,82,5,14,65,synthetic
2,5,2,1,0,0,44,2,2,24,synthetic
3,3,3,3,1,12,51,2,1,18,synthetic
1,5,3,1,0,0,53,6,4,48,synthetic
1,2,2,2,1,36,32,4,1,24,synthetic
2,2,2,4,1,12,68,5,1,16,synthetic
1,4,3,1,1,36,46,3,3,34,synthetic
3,2,1,2,0,0,81,2,4,48,synthetic
6,1,1,1,1,18,29,4,10,16,synthetic
2,3,4,4,1,6,28,5,5,4,synthetic
1.5,5,4,3,0,0,29,1,5,83.0,synthetic
5,4,2,4,1,12,41,7,14,10,synthetic
3,3,1,3,0,0,9,7,5,86,synthetic
5,2,3,2,0,0,79,1,1,24,synthetic
1.5,4,1,5,1,48,52,5,1,24,synthetic
1.5,5,2,4,1,18,62,3,1,22,synthetic
3,1,1,5,0,0,78,4,3,48,synthetic
0.5,5,1,2,0,0,58,4,4,48,synthetic
1.5,1,1,5,0,0,6,5,7,70.0,synthetic
2,3,2,3,0,0,37,5,5,75,synthetic
2,1,3,2,0,0,56,5,14,55,synthetic
6,3,4,2,0,0,65,4,1,24,synthetic
2,2,2,4,0,0,41,3,7,70,synthetic
1.5,1,2,4,0,0,43,2,2,24,synthetic
0.5,3,2,1,1,72,93,7,2,24,synthetic
4,2,1,3,0,0,58,6,3,48,synthetic
4,1,1,2,0,0,84,4,1,24,synthetic
6,4,2,1,0,0,58,3,2,24,synthetic
4,1,1,4,0,0,94,3,4,48,synthetic
0.5,5,4,3,0,0,44,5,10,71.0,synthetic
3,2,4,1,0,0,84,4,3,48,synthetic
1.5,4,1,2,0,0,96,5,10,97.0,synthetic
2,5,4,5,0,0,97,6,7,95,synthetic
1.5,2,4,3,0,0,9,1,7,59.0,synthetic
3,5,2,2,1,18,32,2,2,24,synthetic
3,2,1,2,1,72,55,7,2,24,synthetic
4,1,4,4,0,0,88,2,7,76,synthetic
5,4,4,5,0,0,32,4,5,87,synthetic
6,4,2,5,0,0,62,3,3,48,synthetic
3,4,1,1,1,72,35,7,4,48,synthetic
1,1,2,1,0,0,41,4,1,24,synthetic
4,5,1,4,1,18,30,1,3,24,synthetic
6,2,1,3,1,48,43,5,14,46,synthetic
3,1,3,2,1,48,18,6,5,46,synthetic
1.5,2,2,1,0,0,45,7,14,59.0,synthetic
1.5,2,2,4,1,6,6,7,10,4,synthetic
3,3,1,5,0,0,5,7,10,92,synthetic
6,4,4,1,1,72,95,1,10,90,synthetic
1,3,4,1,0,0,64,2,1,24,synthetic
4,4,1,1,1,24,52,2,14,30,synthetic
1,5,4,2,1,6,19,7,7,4,synthetic
0.5,3,1,1,0,0,28,1,4,48,synthetic
4,2,4,5,0,0,100,1,4,48,synthetic
2,5,4,1,1,36,88,7,5,46,synthetic
1,3,4,3,1,48,97,2,14,66,synthetic
4,1,1,2,0,0,53,1,2,24,synthetic
5,3,4,2,1,24,11,7,4,22,synthetic
1,2,2,4,0,0,35,4,5,66,synthetic
3,4,3,1,0,0,99,6,14,86,synthetic
0.5,3,2,5,1,36,30,5,7,34,synthetic
3,1,1,3,0,0,5,3,3,48,synthetic
0.5,1,2,3,0,0,46,6,10,53.0,synthetic
1,1,2,3,1,36,21,2,5,42,synthetic
6,1,1,3,1,36,99,4,4,46,synthetic
2,5,1,5,1,24,90,3,5,34,synthetic
6,4,1,5,0,0,48,5,4,48,synthetic
1,5,3,1,0,0,75,2,10,88,synthetic
5,4,4,1,0,0,26,7,14,75,synthetic
6,3,3,4,1,18,55,7,1,16,synthetic
4,2,1,4,0,0,100,2,14,105,synthetic
1.5,4,2,3,0,0,6,6,7,81.0,synthetic
5,4,3,1,1,12,89,4,14,22,synthetic
0.5,4,1,3,0,0,97,1,2,24,synthetic
4,5,4,2,0,0,58,3,1,24,synthetic
4,3,2,1,0,0,95,6,1,24,synthetic
2,4,1,3,0,0,91,2,14,110,synthetic
5,5,4,4,0,0,72,2,5,106,synthetic
6,2,3,4,0,0,10,7,1,24,synthetic
6,4,4,3,1,72,52,6,2,24,synthetic
4,5,4,4,0,0,50,3,2,24,synthetic
4,5,3,4,0,0,74,4,4,48,synthetic
0.5,1,1,5,1,18,88,3,2,24,synthetic
1.5,5,1,3,0,0,35,7,5,96.0,synthetic
1,1,1,1,0,0,89,3,5,68,synthetic
5,4,2,5,1,72,95,4,7,82,synthetic
1.5,2,2,4,0,0,28,1,3,48,synthetic
1.5,2,3,3,0,0,12,3,5,58.0,synthetic
1.5,5,3,4,1,36,72,5,7,40,synthetic
1,4,2,5,1,12,57,3,10,16,synthetic
6,2,2,3,0,0,63,1,2,24,synthetic
1,1,4,2,0,0,23,7,4,38,synthetic
1.5,1,4,5,0,0,63,6,4,48,synthetic
1.5,5,3,4,0,0,97,7,5,97.0,synthetic
6,5,3,2,0,0,81,2,5,117,synthetic
3,3,4,4,1,18,91,2,1,24,synthetic
2,2,2,3,0,0,78,1,5,87,synthetic
0.5,1,2,2,1,36,1,7,1,24,synthetic
2,3,1,4,1,18,56,6,4,22,synthetic
3,3,2,1,0,0,97,2,14,93,synthetic
1,1,4,5,1,24,10,2,3,30,synthetic
1,4,4,5,0,0,96,5,3,48,synthetic
0.5,1,4,1,1,36,69,7,3,39.0,synthetic
0.5,4,3,1,1,18,77,3,5,28,synthetic
1.5,2,4,4,1,48,84,1,2,24,synthetic
1,2,3,1,0,0,42,2,3,48,synthetic
3,5,2,4,0,0,22,7,4,48,synthetic
6,2,1,3,1,18,14,7,3,16,synthetic
0.5,5,2,5,1,6,23,4,5,4,synthetic
3,5,1,5,1,48,99,2,7,66,synthetic
4,3,1,2,1,6,0,4,7,4,synthetic
5,3,3,5,0,0,8,2,2,24,synthetic
1,4,3,1,0,0,36,3,14,66,synthetic
0.5,5,4,5,0,0,31,1,3,48,synthetic
4,1,4,1,0,0,81,1,1,24,synthetic
6,1,4,1,1,24,80,4,2,24,synthetic
2,3,3,3,0,0,99,2,5,88,synthetic
1,2,2,4,1,48,63,7,3,48,synthetic
1,2,2,4,1,6,35,4,3,4,synthetic
4,3,2,1,0,0,8,2,10,85,synthetic
6,2,1,1,0,0,54,6,5,84,synthetic
6,4,2,5,1,18,86,6,3,28,synthetic
1,4,3,1,1,36,12,1,7,42,synthetic
2,3,3,2,1,36,43,5,3,34,synthetic
1,1,4,3,1,12,25,7,10,10,synthetic
1.5,1,4,4,0,0,10,6,2,24,synthetic
2,3,4,5,0,0,78,3,14,79,synthetic
0.5,2,2,3,1,48,71,3,14,52,synthetic
1.5,1,4,2,0,0,69,7,1,24,synthetic
1,4,3,2,0,0,81,5,3,48,synthetic
1.5,3,2,1,0,0,66,4,5,73.0,synthetic
1,1,3,4,0,0,36,5,14,51,synthetic
1,1,4,3,0,0,83,2,10,61,synthetic
0.5,5,3,3,0,0,93,2,3,48,synthetic
5,4,1,4,0,0,39,1,3,48,synthetic
0.5,5,3,3,0,0,26,7,3,48,synthetic
5,3,1,4,0,0,66,5,14,103,synthetic
5,5,2,5,0,0,70,2,14,123,synthetic
5,4,4,3,0,0,4,2,1,24,synthetic
1,1,2,5,0,0,44,3,1,24,synthetic
1.5,3,4,3,0,0,53,1,1,24,synthetic
5,2,2,1,1,6,28,2,2,12,synthetic
5,1,1,2,0,0,40,5,7,75,synthetic
3,1,2,5,0,0,84,5,5,81,synthetic
2,3,2,5,1,18,93,3,7,28,synthetic
1,3,1,1,1,36,78,4,3,46,synthetic
3,3,1,3,1,36,63,4,1,24,synthetic
3,2,4,2,0,0,63,4,2,24,synthetic
1,4,1,5,0,0,15,2,7,100,synthetic
0.5,2,2,3,0,0,87,2,5,81.0,synthetic
6,3,1,4,0,0,26,5,10,101,synthetic
6,3,3,2,0,0,16,3,14,81,synthetic
4,5,2,3,1,36,43,1,14,42,synthetic
6,1,4,1,0,0,74,1,3,48,synthetic
2,5,4,2,0,0,9,4,1,24,synthetic
4,2,1,5,0,0,21,1,14,96,synthetic
1.5,2,1,1,1,24,18,7,3,22,synthetic
3,2,4,2,0,0,0,5,3,48,synthetic
5,1,1,1,0,0,41,3,10,72,synthetic
4,2,3,4,1,48,49,4,14,46,synthetic
1.5,5,2,5,1,12,43,6,7,10,synthetic
0.5,4,1,2,1,18,67,3,2,22,synthetic
6,4,1,3,0,0,92,5,5,118,synthetic
0.5,4,2,1,1,24,13,2,7,30,synthetic
1.5,3,2,3,1,72,57,5,2,24,synthetic
1,2,1,4,0,0,96,7,10,85,synthetic
5,5,2,3,0,0,75,5,4,48,synthetic
5,1,2,3,0,0,85,4,7,83,synthetic
3,1,3,3,0,0,32,1,2,24,synthetic
2,5,1,2,0,0,70,4,1,24,synthetic
2,3,1,5,0,0,15,5,3,48,synthetic
1,4,4,5,0,0,85,5,14,83,synthetic
4,5,3,4,1,12,43,3,3,10,synthetic
5,5,4,4,1,12,36,7,7,10,synthetic
6,3,1,3,0,0,45,1,4,48,synthetic
3,1,4,4,1,48,32,3,5,46,synthetic
3,4,4,4,1,72,29,3,3,48,synthetic
6,1,4,2,1,48,79,5,3,48,synthetic
5,4,2,5,1,48,73,3,4,48,synthetic
4,3,4,2,1,72,100,5,7,78,synthetic
4,3,4,3,0,0,58,2,1,24,synthetic
4,3,2,5,1,72,37,2,2,24,synthetic
6,2,3,3,0,0,25,2,14,84,synthetic
2,2,2,4,0,0,57,7,7,76,synthetic
5,5,4,5,0,0,91,4,2,24,synthetic
2,5,2,1,0,0,37,6,1,24,synthetic
3,4,1,2,0,0,97,3,1,24,synthetic
4,4,4,5,1,36,98,2,2,24,synthetic
4,1,4,3,1,72,89,3,5,65,synthetic
0.5,3,1,2,1,18,43,5,10,16,synthetic
4,4,3,3,0,0,40,1,4,48,synthetic
1.5,5,1,2,1,18,14,6,5,16,synthetic
2,1,1,3,0,0,99,6,1,24,synthetic
5,4,3,2,0,0,97,7,2,24,synthetic
0.5,5,2,5,0,0,34,6,5,91.0,synthetic
4,3,3,5,0,0,97,1,10,102,synthetic
1.5,5,2,3,0,0,49,6,7,89.0,synthetic
1,5,4,5,1,12,27,5,14,10,synthetic
1.5,2,3,3,0,0,43,6,2,24,synthetic
6,4,2,2,1,36,19,6,10,34,synthetic
3,5,1,3,1,18,75,2,2,24,synthetic
4,3,4,4,0,0,46,1,14,80,synthetic
0.5,4,4,3,0,0,75,3,1,24,synthetic
1,1,4,5,1,36,29,5,14,34,synthetic
2,4,4,2,0,0,93,3,14,78,synthetic
0.5,3,1,3,0,0,24,7,14,76.0,synthetic
0.5,5,4,5,1,72,38,6,2,24,synthetic
0.5,3,3,1,1,48,19,1,1,24,synthetic
1.5,1,1,4,0,0,33,4,1,24,synthetic
3,4,1,3,1,12,86,4,2,22,synthetic
0.5,2,1,3,1,72,5,2,7,76.0,synthetic
1.5,1,1,4,1,72,26,7,4,48,synthetic
0.5,1,2,1,0,0,54,5,14,47.0,synthetic
4,5,3,2,0,0,81,3,1,24,synthetic
6,3,4,2,1,24,40,3,7,22,synthetic
3,5,4,2,1,36,40,4,3,34,synthetic
0.5,1,4,2,0,0,45,5,2,24,synthetic
1.5,5,4,4,0,0,23,6,7,78.0,synthetic
6,3,2,4,1,36,13,1,4,42,synthetic
4,1,3,4,1,18,95,4,4,28,synthetic
2,2,2,3,0,0,42,3,10,67,synthetic
4,4,4,1,1,48,39,3,1,24,synthetic
4,4,3,4,0,0,32,5,5,87,synthetic
1,1,1,5,0,0,38,1,3,48,synthetic
6,1,3,4,0,0,17,5,7,71,synthetic
4,1,2,1,1,72,29,7,1,24,synthetic
6,5,2,4,0,0,29,3,7,110,synthetic
2,1,4,5,0,0,65,5,2,24,synthetic
0.5,1,2,4,1,6,2,3,4,4,synthetic
6,1,4,3,0,0,96,6,10,73,synthetic
5,1,1,2,0,0,40,1,4,48,synthetic
0.5,1,4,4,1,48,2,3,14,42.0,synthetic
3,5,2,4,0,0,35,3,14,98,synthetic
4,4,3,2,1,36,6,4,1,24,synthetic
0.5,5,4,4,0,0,71,5,5,80.0,synthetic
1.5,3,1,3,1,48,48,4,7,46,synthetic
3,5,3,5,0,0,37,2,1,24,synthetic
1,4,2,2,1,24,80,6,2,24,synthetic
1,1,1,4,0,0,95,5,1,24,synthetic
6,4,1,5,0,0,51,1,1,24,synthetic
3,5,4,3,0,0,39,6,4,48,synthetic
1,1,2,5,0,0,29,5,7,61,synthetic
5,1,4,4,0,0,51,4,1,24,synthetic
0.5,5,2,1,1,12,92,5,5,22,synthetic
5,1,1,2,0,0,30,7,5,75,synthetic
0.5,2,3,5,1,24,49,7,7,22,synthetic
4,5,1,5,0,0,49,4,1,24,synthetic
1,4,3,1,0,0,72,7,7,72,synthetic
1,2,1,4,0,0,100,2,14,93,synthetic
2,2,3,2,1,6,73,2,14,18,synthetic
6,2,3,3,1,72,16,2,1,24,synthetic
1,2,3,5,0,0,57,3,2,24,synthetic
2,4,2,2,0,0,91,5,10,92,synthetic
5,1,4,5,1,12,98,5,10,22,synthetic
3,3,3,2,1,6,83,7,7,16,synthetic
1.5,3,1,3,0,0,59,6,5,86.0,synthetic
5,1,4,3,1,24,88,6,3,34,synthetic
4,5,1,2,0,0,49,4,7,103,synthetic
1,2,2,1,0,0,63,3,1,24,synthetic
6,5,4,1,1,12,0,7,4,10,synthetic
4,2,4,4,1,36,62,6,10,40,synthetic
4,5,4,4,1,12,89,4,2,22,synthetic
2,1,2,2,1,18,20,4,7,16,synthetic
0.5,1,3,5,0,0,67,6,1,24,synthetic
5,4,1,2,0,0,9,1,10,107,synthetic
4,3,3,4,0,0,4,5,10,79,synthetic
6,1,2,2,0,0,8,1,1,24,synthetic
1,4,1,1,1,36,94,2,1,24,synthetic
5,5,2,2,0,0,47,2,4,48,synthetic
1.5,5,1,4,1,18,74,7,3,22,synthetic
1.5,5,4,2,1,24,94,6,2,24,synthetic
0.5,5,2,5,1,18,19,6,5,16,synthetic
6,1,2,5,1,24,80,3,1,24,synthetic
4,2,4,4,0,0,70,1,1,24,synthetic
5,1,4,4,0,0,17,5,3,48,synthetic
1,5,1,2,0,0,9,7,10,91,synthetic
1,4,2,1,1,48,69,3,4,48,synthetic
1,1,1,2,0,0,21,7,10,59,synthetic
0.5,5,2,3,0,0,34,2,1,24,synthetic
1,5,3,5,1,6,87,2,5,24,synthetic
4,4,1,2,0,0,50,4,14,95,synthetic
2,1,1,2,1,24,56,2,3,36,synthetic
3,3,2,3,0,0,42,1,1,24,synthetic
4,5,4,5,0,0,79,4,14,103,synthetic
0.5,3,2,1,0,0,83,1,5,83.0,synthetic
1.5,3,1,4,0,0,85,5,3,48,synthetic
2,3,2,2,1,12,35,2,7,18,synthetic
6,1,1,1,0,0,59,1,10,90,synthetic
1.5,2,1,2,1,36,54,6,1,24,synthetic
4,3,3,2,0,0,17,7,3,48,synthetic
6,5,2,5,1,6,18,5,1,4,synthetic
4,5,1,1,0,0,4,4,4,48,synthetic
1.5,2,3,5,1,24,17,5,5,22,synthetic
3,5,1,3,1,48,22,4,1,24,synthetic
5,1,4,1,1,6,36,2,10,12,synthetic
6,3,4,4,0,0,79,4,14,92,synthetic
4,5,1,2,1,18,91,1,3,36,synthetic
2,1,1,5,1,36,88,4,14,46,synthetic
1,4,4,4,1,18,69,6,1,22,synthetic
6,3,4,5,1,36,43,1,4,42,synthetic
1.5,4,3,5,1,36,4,5,3,34,synthetic
2,3,3,2,0,0,59,3,4,48,synthetic
5,4,1,4,1,18,91,1,3,36,synthetic
6,5,4,2,1,24,80,6,1,24,synthetic
2,2,3,3,0,0,7,4,14,60,synthetic
2,3,3,2,1,12,71,4,3,16,synthetic
0.5,3,4,3,1,72,5,4,4,48,synthetic
1,2,1,2,1,12,76,3,4,22,synthetic
6,3,2,1,1,48,21,5,3,46,synthetic
1.5,1,2,4,0,0,54,6,10,60.0,synthetic
1.5,1,3,5,0,0,52,6,2,24,synthetic
2,3,3,5,0,0,95,3,2,24,synthetic
4,2,1,4,1,18,31,2,7,24,synthetic
1.5,3,4,1,0,0,71,5,2,24,synthetic
0.5,1,3,4,1,48,89,4,3,48,synthetic
2,4,2,1,1,72,9,5,2,24,synthetic
5,1,4,4,0,0,9,7,1,24,synthetic
2,5,3,1,0,0,90,3,2,24,synthetic
6,1,4,2,0,0,59,5,7,64,synthetic
1,1,1,2,1,24,81,7,5,34,synthetic
0.5,4,1,1,1,6,80,4,1,16,synthetic
6,3,3,3,0,0,22,4,14,84,synthetic
2,5,3,5,1,36,89,7,7,46,synthetic
2,5,3,3,0,0,6,4,2,24,synthetic
0.5,4,1,5,0,0,47,3,7,90.0,synthetic
3,3,1,2,0,0,29,6,1,24,synthetic
6,3,1,4,1,48,22,6,10,46,synthetic
6,3,3,3,0,0,98,6,14,96,synthetic
1,3,4,4,1,12,100,5,7,22,synthetic
2,3,1,4,1,18,81,6,2,24,synthetic
2,2,4,2,1,18,65,2,2,24,synthetic
1,2,2,5,1,6,56,5,2,10,synthetic
4,3,4,2,0,0,23,6,3,48,synthetic
1.5,2,3,4,1,18,51,2,3,24,synthetic
6,5,4,3,1,6,63,7,3,10,synthetic
1,2,2,2,1,48,67,4,7,52,synthetic
5,5,1,5,0,0,94,2,2,24,synthetic
2,5,3,1,0,0,33,4,3,48,synthetic
1.5,2,1,1,1,24,7,4,10,22,synthetic
3,4,4,2,1,48,57,3,10,52,synthetic
6,4,4,5,0,0,27,7,10,91,synthetic
1,1,3,5,1,36,32,5,7,34,synthetic
3,2,3,2,0,0,14,1,4,48,synthetic
0.5,2,1,4,0,0,21,6,1,24,synthetic
6,4,3,4,1,18,42,3,2,16,synthetic
4,4,3,4,1,24,4,5,10,22,synthetic
5,5,1,2,0,0,28,7,10,107,synthetic
2,4,1,2,0,0,75,6,10,93,synthetic
5,4,2,2,0,0,39,3,4,48,synthetic
2,5,3,3,1,36,29,3,3,34,synthetic
0.5,5,4,1,0,0,19,3,10,65.0,synthetic
4,1,3,1,0,0,6,5,3,48,synthetic
3,3,4,3,1,24,42,5,2,22,synthetic
1,4,1,5,0,0,47,3,5,92,synthetic
3,4,3,4,1,12,47,2,4,18,synthetic
1,2,2,1,1,18,85,4,2,24,synthetic
2,4,2,3,0,0,91,2,5,103,synthetic
1,3,4,1,1,48,88,6,5,58,synthetic
1.5,4,2,4,1,72,90,3,7,82,synthetic
6,4,2,4,0,0,65,7,5,108,synthetic
1,3,1,1,0,0,9,7,7,72,synthetic
6,4,3,5,0,0,65,2,4,48,synthetic
3,5,4,2,0,0,97,1,7,98,synthetic
2,4,3,5,1,18,40,5,7,16,synthetic
1.5,4,4,2,1,6,75,2,5,18,synthetic
3,1,4,1,1,18,100,5,14,28,synthetic
0.5,1,2,5,0,0,60,2,3,48,synthetic
1.5,4,3,1,1,18,51,6,1,16,synthetic
1.5,3,4,5,1,6,32,2,3,12,synthetic
4,5,3,4,0,0,81,6,7,107,synthetic
0.5,4,1,5,1,48,1,4,1,24,synthetic
0.5,1,4,3,0,0,86,7,10,51.0,synthetic
0.5,2,3,1,1,24,92,7,10,34,synthetic
1,5,3,1,0,0,91,3,4,48,synthetic
1.5,1,1,1,1,72,67,1,10,72.0,synthetic
0.5,4,1,5,0,0,36,4,2,24,synthetic
2,1,2,3,1,6,0,4,5,4,synthetic
4,2,3,5,0,0,83,7,10,86,synthetic
0.5,3,3,4,0,0,88,4,14,77.0,synthetic
1.5,4,2,5,0,0,89,7,10,99.0,synthetic
1,1,4,3,0,0,65,2,14,55,synthetic
0.5,1,1,4,0,0,33,2,4,48,synthetic
4,3,2,3,0,0,68,5,10,89,synthetic
5,3,2,1,0,0,23,1,3,48,synthetic
3,5,4,2,1,24,29,7,4,22,synthetic
1,4,1,3,0,0,9,3,7,86,synthetic
1,5,1,3,0,0,40,3,7,94,synthetic
4,4,3,2,0,0,16,3,1,24,synthetic
6,3,2,3,1,12,9,5,7,10,synthetic
5,4,1,3,0,0,64,3,5,108,synthetic
6,2,2,4,1,6,48,7,5,4,synthetic
3,4,2,3,0,0,29,4,10,87,synthetic
2,2,2,5,0,0,61,1,1,24,synthetic
1,3,3,1,1,72,20,1,5,66,synthetic
6,3,2,3,1,72,57,4,7,76,synthetic
1,4,2,5,1,72,49,1,1,24,synthetic
1,1,2,4,0,0,72,6,3,48,synthetic
1,1,4,1,0,0,77,4,14,47,synthetic
0.5,3,4,5,0,0,59,1,10,75.0,synthetic
4,1,1,4,0,0,29,5,10,77,synthetic
1.5,4,3,3,1,72,48,7,10,70,synthetic
5,2,4,5,0,0,76,4,2,24,synthetic
2,1,4,2,0,0,0,7,2,24,synthetic
0.5,3,1,5,0,0,84,6,1,24,synthetic
4,2,4,5,1,36,39,1,5,42,synthetic
5,1,1,2,0,0,53,6,5,75,synthetic
0.5,2,3,5,0,0,17,4,1,24,synthetic
4,2,4,2,1,12,36,1,5,18,synthetic
0.5,4,4,1,0,0,87,7,2,24,synthetic
4,3,1,2,1,48,30,5,10,46,synthetic
2,3,3,4,0,0,9,2,14,79,synthetic
0.5,1,1,2,0,0,21,7,4,48,synthetic
1.5,5,1,4,1,6,53,5,1,4,synthetic
3,4,4,4,0,0,85,1,7,96,synthetic
3,2,4,1,0,0,9,5,10,51,synthetic
1.5,5,3,5,1,48,1,5,4,46,synthetic
4,5,1,1,1,18,67,6,5,22,synthetic
5,4,3,3,0,0,78,7,2,24,synthetic
5,2,3,4,0,0,11,3,3,48,synthetic
1,2,1,2,0,0,37,1,4,48,synthetic
1,2,3,4,1,24,36,5,7,22,synthetic
5,5,1,2,1,72,5,7,14,70,synthetic
0.5,3,2,1,0,0,71,2,7,77.0,synthetic
1,5,3,3,1,12,2,7,3,10,synthetic
2,3,3,3,1,48,59,2,2,24,synthetic
0.5,5,4,5,0,0,70,2,4,48,synthetic
5,2,3,2,0,0,86,1,10,89,synthetic
1,5,3,2,0,0,32,6,4,48,synthetic
5,2,2,1,0,0,67,2,2,24,synthetic
0.5,5,2,4,0,0,92,7,5,100.0,synthetic
5,4,1,5,0,0,45,1,4,48,synthetic
4,5,3,4,1,6,52,5,14,4,synthetic
6,1,2,5,1,18,78,5,2,24,synthetic
6,1,3,3,0,0,89,2,14,88,synthetic
1,5,2,2,1,72,59,4,1,24,synthetic
1,1,3,1,0,0,81,3,14,54,synthetic
1,1,4,4,1,48,60,2,14,58,synthetic
3,5,4,2,1,36,59,5,3,40,synthetic
5,1,4,2,0,0,86,5,1,24,synthetic
6,5,1,3,1,12,93,4,14,22,synthetic
1.5,5,1,5,0,0,70,1,2,24,synthetic
3,4,4,5,0,0,86,1,10,99,synthetic
3,3,1,5,0,0,10,6,10,92,synthetic
6,4,2,1,0,0,59,6,14,99,synthetic
1,2,3,3,0,0,85,5,2,24,synthetic
1.5,5,1,4,1,48,100,4,1,24,synthetic
6,2,4,1,0,0,27,3,4,48,synthetic
3,4,1,5,0,0,75,1,14,114,synthetic
5,5,3,1,0,0,61,7,7,96,synthetic
1.5,5,1,3,0,0,15,2,7,104.0,synthetic
3,4,1,5,1,72,68,4,10,76,synthetic
1,5,3,4,0,0,59,7,7,89,synthetic
1,1,2,5,1,48,92,4,5,58,synthetic
2,5,1,1,1,36,99,5,10,46,synthetic
5,3,2,1,1,6,15,5,2,4,synthetic
2,3,2,1,1,6,53,6,5,4,synthetic
1,3,1,3,0,0,73,3,1,24,synthetic
1,1,2,5,0,0,63,1,5,75,synthetic
0.5,2,4,3,1,36,32,6,2,24,synthetic
0.5,1,2,5,1,72,8,6,10,59.0,synthetic
3,5,4,4,0,0,20,5,5,84,synthetic
5,1,3,1,0,0,67,2,7,72,synthetic
5,1,3,1,0,0,76,1,7,78,synthetic
1,2,1,2,1,36,87,7,5,46,synthetic
3,2,4,5,1,72,77,2,3,48,synthetic
0.5,3,2,5,0,0,71,6,2,24,synthetic
5,4,1,3,1,6,50,3,2,4,synthetic
1.5,4,4,2,0,0,76,5,7,76.0,synthetic
3,3,4,5,1,24,4,7,1,22,synthetic
4,2,1,5,0,0,60,1,14,102,synthetic
2,4,2,2,1,6,37,3,3,4,synthetic
3,1,4,3,1,48,69,1,2,24,synthetic
4,1,2,3,0,0,9,4,2,24,synthetic
5,2,1,5,1,6,97,2,10,24,synthetic
6,5,3,3,1,48,21,1,4,48,synthetic
1,3,3,1,1,18,77,5,14,28,synthetic
0.5,2,2,3,1,72,97,4,7,73.0,synthetic
5,5,4,4,1,18,20,6,2,16,synthetic
3,3,4,1,1,24,87,5,1,24,synthetic
2,5,2,3,0,0,4,4,2,24,synthetic
4,3,3,1,1,18,30,4,10,16,synthetic
5,2,2,4,0,0,5,2,3,48,synthetic
5,1,2,1,1,12,53,3,5,10,synthetic
5,5,1,1,0,0,19,3,2,24,synthetic
6,1,2,3,0,0,86,1,10,95,synthetic
2,2,1,1,1,36,6,1,14,42,synthetic
3,4,4,1,0,0,1,5,3,48,synthetic
4,3,2,5,0,0,25,6,4,48,synthetic
0.5,3,1,3,0,0,99,6,4,48,synthetic
2,1,4,5,1,18,95,6,3,28,synthetic
1,4,4,5,0,0,18,6,2,24,synthetic
3,4,4,4,0,0,12,6,10,76,synthetic
6,2,2,3,1,18,96,1,2,24,synthetic
5,5,4,3,0,0,59,5,1,24,synthetic
1.5,3,2,3,1,48,19,2,5,54,synthetic
4,3,2,4,0,0,92,2,2,24,synthetic
0.5,4,4,2,0,0,12,5,7,60.0,synthetic
4,2,4,4,1,24,45,4,7,22,synthetic
3,4,2,2,0,0,27,4,7,84,synthetic
3,2,3,1,0,0,39,6,7,58,synthetic
1.5,1,2,1,0,0,89,1,3,48,synthetic
0.5,2,2,1,0,0,27,5,1,24,synthetic
1,2,2,3,0,0,89,2,1,24,synthetic
5,1,2,5,1,12,75,2,4,24,synthetic
1.5,2,1,1,0,0,4,2,5,74.0,synthetic
4,2,2,4,1,6,92,4,5,16,synthetic
4,4,4,2,1,48,28,7,1,24,synthetic
4,4,1,3,0,0,52,2,10,106,synthetic
4,2,4,3,1,48,32,4,10,46,synthetic
2,2,1,1,1,12,76,5,14,22,synthetic
1.5,4,1,4,1,24,26,1,14,30,synthetic
6,5,2,1,0,0,28,4,10,101,synthetic
5,3,2,2,1,6,13,5,4,4,synthetic
3,4,2,3,0,0,8,6,1,24,synthetic
5,5,2,5,0,0,78,1,10,129,synthetic
1.5,4,3,2,0,0,51,6,4,48,synthetic
3,1,2,3,1,18,84,2,4,36,synthetic
3,3,4,1,0,0,37,7,1,24,synthetic
1,3,1,5,0,0,0,3,1,24,synthetic
4,2,2,5,0,0,15,1,5,89,synthetic
2,1,4,5,0,0,28,5,14,51,synthetic
5,2,3,1,1,72,57,1,5,80,synthetic
3,2,2,3,1,72,11,1,14,78,synthetic
2,5,3,3,1,24,72,2,14,36,synthetic
6,1,4,4,1,12,90,2,3,30,synthetic
4,3,1,2,1,72,76,4,1,24,synthetic
1,1,2,1,0,0,46,1,7,57,synthetic
2,4,3,5,1,48,66,1,1,24,synthetic
3,2,4,4,0,0,80,5,1,24,synthetic
5,1,4,2,1,12,56,4,10,16,synthetic
3,5,2,2,0,0,87,2,5,112,synthetic
4,3,1,1,0,0,19,4,3,48,synthetic
1.5,3,1,3,0,0,27,7,1,24,synthetic
0.5,3,4,2,1,6,13,2,10,12,synthetic
2,1,2,1,0,0,74,7,4,48,synthetic
5,5,3,1,1,12,0,7,5,10,synthetic
3,1,1,3,0,0,53,5,10,70,synthetic
5,5,3,4,1,36,5,6,4,34,synthetic
0.5,4,4,1,1,12,72,7,5,16,synthetic
1,2,1,3,0,0,0,3,3,48,synthetic
4,5,2,3,0,0,91,6,7,111,synthetic
1,4,4,5,0,0,40,6,5,71,synthetic
6,4,3,5,0,0,1,4,4,48,synthetic
1.5,5,4,3,0,0,39,6,10,75.0,synthetic
4,2,2,3,0,0,14,4,5,75,synthetic
0.5,2,1,3,1,48,26,2,7,54,synthetic
3,2,4,1,0,0,14,5,7,51,synthetic
1.5,1,1,3,1,36,30,3,4,34,synthetic
3,1,1,1,1,24,52,7,10,22,synthetic
1.5,3,2,1,0,0,58,2,14,81.0,synthetic
1.5,2,2,5,1,36,16,2,10,42,synthetic
6,3,1,2,0,0,47,1,4,48,synthetic
5,2,2,3,0,0,22,2,3,48,synthetic
3,2,4,5,0,0,81,1,1,24,synthetic
3,2,3,5,0,0,83,4,5,82,synthetic
2,3,2,3,1,36,81,7,7,46,synthetic
1,2,2,5,0,0,66,2,3,48,synthetic
6,4,2,1,0,0,60,7,1,24,synthetic
1,3,3,3,1,72,41,5,5,64,synthetic
2,1,2,3,1,72,50,4,3,48,synthetic
2,3,4,2,0,0,74,1,2,24,synthetic
4,2,4,5,0,0,50,7,3,48,synthetic
4,4,4,4,0,0,8,7,2,24,synthetic
2,4,2,5,0,0,36,5,3,48,synthetic
1.5,5,4,2,0,0,89,4,14,84.0,synthetic
5,1,4,1,1,24,15,7,4,22,synthetic
4,3,3,3,0,0,17,5,10,76,synthetic
3,2,3,2,1,24,72,3,14,28,synthetic
0.5,2,1,4,0,0,12,5,2,24,synthetic
5,2,2,3,1,12,26,6,2,10,synthetic
1,2,1,5,1,36,5,6,5,34,synthetic
6,4,1,3,0,0,28,1,10,114,synthetic
1,3,4,4,1,72,75,1,10,74,synthetic
1.5,1,2,2,0,0,29,7,1,24,synthetic
2,5,4,3,1,6,32,4,14,4,synthetic
1.5,1,3,1,0,0,70,3,14,50.0,synthetic
0.5,4,1,4,1,72,59,6,10,76,synthetic
1,1,3,1,0,0,55,5,10,42,synthetic
3,1,4,4,1,24,22,2,5,30,synthetic
1,5,3,3,1,6,80,2,5,24,synthetic
0.5,5,1,5,1,6,90,1,10,24,synthetic
2,3,2,5,0,0,63,4,5,87,synthetic
3,1,2,3,1,18,87,4,4,28,synthetic
0.5,1,1,5,0,0,49,5,7,66.0,synthetic
5,4,1,4,1,36,39,3,5,34,synthetic
4,1,2,5,0,0,26,5,14,73,synthetic
3,1,1,3,0,0,34,2,1,24,synthetic
4,4,3,3,0,0,1,1,3,48,synthetic
6,2,2,4,0,0,1,1,4,48,synthetic
0.5,2,1,4,1,6,15,5,1,4,synthetic
0.5,4,4,1,1,48,100,2,7,66,synthetic
3,4,1,4,1,24,29,1,3,30,synthetic
1.5,2,1,1,0,0,63,2,1,24,synthetic
2,1,1,3,1,48,14,6,4,46,synthetic
3,5,1,2,1,24,92,7,5,34,synthetic
1.5,4,2,4,0,0,98,7,10,96.0,synthetic
0.5,3,2,1,1,6,49,1,3,12,synthetic
1.5,5,2,1,0,0,6,7,2,24,synthetic
0.5,4,2,3,1,12,83,3,1,22,synthetic
5,2,2,5,0,0,28,1,4,48,synthetic
0.5,3,3,2,1,18,62,1,5,30,synthetic
0.5,4,4,2,0,0,98,2,10,80.0,synthetic
0.5,4,2,1,1,72,49,5,1,24,synthetic
1,4,2,3,1,6,99,6,2,16,synthetic
6,1,1,3,1,36,5,1,2,24,synthetic
2,4,3,1,0,0,78,6,5,82,synthetic
1.5,4,3,2,0,0,79,5,14,83.0,synthetic
2,3,2,5,1,48,73,5,3,48,synthetic
0.5,1,2,4,0,0,19,7,3,48,synthetic
1,4,4,2,1,6,80,3,14,16,synthetic
5,5,1,1,0,0,25,4,14,104,synthetic
1.5,5,2,1,1,12,75,3,1,16,synthetic
2,1,4,2,1,24,45,5,2,22,synthetic
3,2,1,1,1,24,35,6,5,22,synthetic
3,5,1,1,0,0,33,1,7,104,synthetic
0.5,5,1,5,0,0,17,3,3,48,synthetic
3,1,2,5,0,0,81,7,4,48,synthetic
6,1,4,5,0,0,44,7,5,67,synthetic
1,2,4,2,1,24,2,6,10,22,synthetic
2,4,4,2,0,0,41,7,7,66,synthetic
1,1,1,4,1,24,32,7,14,22,synthetic
1.5,3,1,3,0,0,82,7,4,48,synthetic
1.5,5,2,3,0,0,28,7,1,24,synthetic
1.5,5,3,5,0,0,96,3,2,24,synthetic
1,1,3,1,1,72,49,5,2,24,synthetic
3,1,2,2,0,0,41,1,3,48,synthetic
1.5,5,4,5,1,24,71,4,4,28,synthetic
0.5,3,1,2,1,12,36,4,2,10,synthetic
2,5,3,5,0,0,36,7,10,90,synthetic
6,1,1,4,1,36,60,3,3,40,synthetic
3,4,2,3,1,48,70,5,2,24,synthetic
5,5,1,5,0,0,1,6,3,48,synthetic
2,2,3,4,0,0,52,6,7,63,synthetic
0.5,1,3,4,1,18,35,3,1,16,synthetic
6,4,2,4,1,6,50,6,1,4,synthetic
6,2,3,2,0,0,44,1,5,81,synthetic
0.5,3,2,4,1,6,10,6,5,4,synthetic
1.5,4,1,4,1,24,0,5,3,22,synthetic
3,4,1,2,1,12,51,2,1,18,synthetic
6,3,1,4,1,48,100,5,3,48,synthetic
3,4,2,3,0,0,63,6,10,93,synthetic
3,5,3,1,0,0,46,4,7,82,synthetic
6,5,4,3,1,6,44,6,1,4,synthetic
1,5,1,3,1,12,27,3,7,10,synthetic
4,3,2,2,1,48,26,4,4,46,synthetic
2,5,4,3,0,0,85,3,3,48,synthetic
0.5,3,1,2,1,6,34,6,14,4,synthetic
4,3,3,1,1,12,19,5,10,10,synthetic
0.5,4,1,5,0,0,99,5,3,48,synthetic
6,2,2,3,0,0,14,7,2,24,synthetic
1,3,4,5,0,0,56,1,1,24,synthetic
3,3,4,5,0,0,19,6,2,24,synthetic
0.5,2,4,1,1,24,15,1,4,30,synthetic
2,1,1,2,0,0,57,4,14,69,synthetic
4,3,2,4,0,0,91,6,4,48,synthetic
4,5,4,3,0,0,15,4,14,85,synthetic
2,1,4,5,0,0,59,5,3,48,synthetic
1.5,3,4,5,1,36,79,7,7,46,synthetic
5,4,4,4,0,0,68,3,4,48,synthetic
5,2,1,4,0,0,4,7,10,89,synthetic
5,1,3,2,0,0,13,7,14,61,synthetic
1.5,3,1,5,0,0,78,1,10,106.0,synthetic
1.5,5,1,3,1,24,52,1,10,30,synthetic
5,5,3,3,0,0,20,6,1,24,synthetic
6,2,2,4,1,6,90,1,2,24,synthetic
1,1,1,3,0,0,33,1,10,70,synthetic
3,1,3,1,0,0,78,5,3,48,synthetic
4,5,3,4,1,18,78,4,4,28,synthetic
1,3,4,2,1,36,38,2,10,42,synthetic
2,2,3,3,0,0,85,4,1,24,synthetic
6,3,1,2,1,48,17,1,5,54,synthetic
0.5,3,4,1,1,6,19,4,2,4,synthetic
2,2,1,2,1,12,19,4,14,10,synthetic
5,1,3,4,0,0,79,5,3,48,synthetic
2,2,4,3,0,0,51,4,7,53,synthetic
0.5,2,4,2,0,0,85,5,10,56.0,synthetic
2,2,1,5,1,6,53,2,14,12,synthetic
2,5,4,5,0,0,64,1,2,24,synthetic
0.5,2,1,2,0,0,12,3,2,24,synthetic
0.5,5,2,1,1,36,93,1,7,54,synthetic
2,4,1,1,1,12,63,3,4,16,synthetic
0.5,1,4,5,1,6,4,5,2,4,synthetic
5,1,2,5,0,0,34,1,4,48,synthetic
0.5,2,1,4,1,24,40,4,7,22,synthetic
1,2,2,3,0,0,62,4,2,24,synthetic
1.5,5,3,2,1,36,68,2,5,48,synthetic
0.5,1,2,4,1,18,3,4,14,16,synthetic
5,4,3,1,1,72,8,4,5,70,synthetic
6,3,1,4,1,18,100,5,3,28,synthetic
3,1,4,1,0,0,55,3,7,43,synthetic
5,1,1,5,0,0,3,2,1,24,synthetic
4,4,2,2,0,0,14,6,14,88,synthetic
5,3,4,1,1,18,66,7,5,22,synthetic
2,1,1,1,1,12,95,3,4,22,synthetic
5,3,3,5,1,18,12,4,1,16,synthetic
6,4,4,1,0,0,76,5,3,48,synthetic
4,1,3,1,0,0,93,1,4,48,synthetic
3,2,3,2,1,72,30,2,2,24,synthetic
5,5,3,3,1,12,95,4,2,22,synthetic
3,1,2,1,0,0,37,4,7,57,synthetic
3,5,2,5,0,0,57,6,1,24,synthetic
1,3,3,5,0,0,87,4,3,48,synthetic
5,2,1,2,0,0,28,3,1,24,synthetic
2,2,4,3,0,0,28,1,4,48,synthetic
1.5,5,2,2,1,18,25,1,4,24,synthetic
3,3,3,1,1,24,23,7,7,22,synthetic
5,5,3,2,0,0,84,5,2,24,synthetic
0.5,5,4,3,0,0,81,5,3,48,synthetic
1,3,2,4,0,0,47,1,14,82,synthetic
6,5,2,4,1,72,7,6,3,48,synthetic
2,1,3,1,1,12,93,5,2,22,synthetic
5,2,4,1,1,12,16,2,10,18,synthetic
4,4,2,1,1,18,7,5,3,16,synthetic
4,3,1,4,1,36,86,2,7,54,synthetic
2,3,2,4,1,18,31,2,4,24,synthetic
1.5,2,4,3,1,36,34,2,7,42,synthetic
5,4,4,4,1,48,24,2,2,24,synthetic
3,5,2,3,1,6,6,2,5,12,synthetic
4,3,3,1,0,0,10,5,3,48,synthetic
6,2,1,2,1,24,92,6,5,34,synthetic
5,4,4,1,0,0,71,7,14,81,synthetic
3,5,4,3,1,18,39,3,14,16,synthetic
6,2,3,2,1,6,3,4,7,4,synthetic
4,1,2,2,1,18,14,4,1,16,synthetic
6,1,2,2,0,0,54,1,7,80,synthetic
1,4,2,3,1,48,84,4,2,24,synthetic
2,1,4,3,0,0,77,7,14,57,synthetic
5,4,3,5,0,0,13,2,1,24,synthetic
0.5,5,3,4,0,0,53,1,14,89.0,synthetic
2,5,3,5,1,18,7,4,2,16,synthetic
2,3,2,3,0,0,74,5,7,81,synthetic
6,4,3,2,0,0,23,5,5,89,synthetic
0.5,5,4,2,1,12,69,2,14,24,synthetic
1,3,1,3,1,72,58,7,14,76,synthetic
1,4,1,2,1,36,96,3,3,46,synthetic
5,1,3,5,1,48,73,6,4,48,synthetic
4,3,1,1,0,0,66,1,10,98,synthetic
1.5,1,1,2,1,36,41,7,7,34,synthetic
4,4,4,4,1,6,99,7,3,16,synthetic
2,2,2,4,1,36,18,1,4,42,synthetic
5,3,2,1,0,0,65,5,2,24,synthetic
5,5,4,2,1,72,34,3,3,48,synthetic
0.5,5,4,2,0,0,3,6,3,48,synthetic
3,1,4,4,1,48,74,4,7,52,synthetic
5,4,3,2,0,0,92,5,2,24,synthetic
1.5,2,3,4,1,18,73,1,3,30,synthetic
5,2,3,5,0,0,28,7,2,24,synthetic
0.5,1,2,2,1,24,37,7,3,22,synthetic
5,5,3,5,0,0,91,7,5,114,synthetic
6,2,2,2,1,18,67,5,10,22,synthetic
2,5,4,3,0,0,58,4,4,48,synthetic
4,5,3,3,0,0,56,3,2,24,synthetic
1,5,1,2,0,0,46,5,14,91,synthetic
3,2,3,1,0,0,2,5,3,48,synthetic
5,4,1,4,0,0,26,7,4,48,synthetic
1.5,3,2,5,0,0,83,5,4,48,synthetic
1.5,3,4,3,0,0,28,3,3,48,synthetic
3,5,4,5,0,0,78,4,7,99,synthetic
4,3,4,4,0,0,64,2,10,86,synthetic
6,3,1,4,1,6,32,6,5,4,synthetic
0.5,4,2,1,0,0,94,1,14,91.0,synthetic
5,3,4,5,1,6,15,1,14,12,synthetic
6,5,4,2,1,72,12,5,4,48,synthetic
1.5,5,4,1,1,18,12,2,4,24,synthetic
0.5,1,4,1,1,36,48,5,1,24,synthetic
0.5,2,3,5,0,0,20,5,5,60.0,synthetic
1,1,2,4,1,6,31,3,1,4,synthetic
1,1,1,3,1,36,57,5,10,40,synthetic
5,5,1,2,1,12,90,1,7,30,synthetic
3,5,4,5,1,6,15,3,5,4,synthetic
6,4,2,3,0,0,56,6,3,48,synthetic
6,2,4,1,0,0,74,5,4,48,synthetic
2,2,3,4,1,18,20,6,7,16,synthetic
1.5,3,2,2,1,36,45,3,7,34,synthetic
1,1,4,2,1,72,26,6,4,38,synthetic
5,4,4,1,0,0,97,3,3,48,synthetic
2,2,4,3,0,0,38,3,2,24,synthetic
0.5,3,4,5,0,0,40,7,14,61.0,synthetic
4,1,4,1,0,0,47,1,10,55,synthetic
0.5,5,4,5,1,6,70,2,5,18,synthetic
4,2,3,3,0,0,4,7,5,68,synthetic
1.5,4,4,2,0,0,29,4,3,48,synthetic
5,5,1,1,1,6,50,2,5,12,synthetic
1.5,2,4,4,1,12,88,4,2,22,synthetic
5,3,4,5,0,0,14,7,10,79,synthetic
2,1,1,3,0,0,84,4,7,78,synthetic
6,4,2,3,1,12,71,2,14,24,synthetic
1.5,3,4,3,1,12,12,3,14,10,synthetic
1,1,1,3,1,72,51,6,1,24,synthetic
6,2,4,4,1,72,99,1,1,24,synthetic
6,1,3,2,1,6,81,1,3,24,synthetic
2,4,1,3,0,0,23,4,5,90,synthetic
1.5,2,1,4,0,0,66,2,3,48,synthetic
2,3,3,4,1,6,52,2,4,12,synthetic
0.5,3,4,1,0,0,76,5,4,48,synthetic
0.5,5,2,1,0,0,56,7,14,85.0,synthetic
0.5,5,4,1,1,24,20,6,3,22,synthetic
1.5,5,4,1,0,0,76,4,2,24,synthetic
1,2,4,4,0,0,38,1,14,60,synthetic
1,2,1,2,0,0,80,2,4,48,synthetic
5,1,1,4,0,0,12,1,1,24,synthetic
1,5,1,2,0,0,85,2,10,111,synthetic
1.5,5,4,2,0,0,81,2,10,92.0,synthetic
0.5,3,2,5,1,24,25,3,1,22,synthetic
4,2,1,2,1,6,43,3,1,4,synthetic
1,3,4,5,1,12,47,4,7,10,synthetic
6,1,4,5,1,72,6,6,10,67,synthetic
1.5,2,4,4,0,0,95,2,14,74.0,synthetic
2,4,4,2,1,6,47,1,14,12,synthetic
1.5,3,1,1,0,0,98,6,10,86.0,synthetic
4,4,2,1,0,0,83,5,10,97,synthetic
0.5,4,1,1,0,0,2,1,4,48,synthetic
4,2,2,4,1,72,13,4,14,70,synthetic
5,1,4,5,1,12,42,7,14,10,synthetic
3,1,2,1,0,0,13,6,14,57,synthetic
1.5,1,3,1,1,12,100,2,3,30,synthetic
0.5,2,3,5,0,0,81,4,2,24,synthetic
1,2,2,4,0,0,17,4,14,66,synthetic
5,5,1,5,0,0,85,2,3,48,synthetic
2,2,3,2,0,0,23,1,10,65,synthetic
0.5,3,4,1,0,0,46,2,3,48,synthetic
3,4,2,2,0,0,4,7,4,48,synthetic
1.5,1,4,4,1,48,21,7,14,46.0,synthetic
6,4,2,5,0,0,82,3,7,117,synthetic
6,4,3,3,1,6,79,1,10,24,synthetic
2,4,4,2,1,72,5,6,5,66,synthetic
1.5,4,4,4,0,0,86,2,4,48,synthetic
3,2,1,1,0,0,72,2,14,86,synthetic
2,4,1,4,0,0,55,3,1,24,synthetic
4,3,3,3,0,0,9,7,10,76,synthetic
2,3,3,2,1,6,54,6,10,4,synthetic
1,3,4,1,1,72,84,4,7,63,synthetic
3,5,3,4,1,12,5,6,4,10,synthetic
5,4,1,3,0,0,51,7,4,48,synthetic
0.5,2,2,4,0,0,98,6,7,76.0,synthetic
6,3,3,4,0,0,29,4,4,48,synthetic
5,2,3,2,0,0,81,2,10,89,synthetic
6,1,3,3,1,18,61,3,7,22,synthetic
5,4,3,2,0,0,44,1,3,48,synthetic
6,4,2,1,0,0,32,3,5,93,synthetic
6,3,2,2,0,0,96,3,10,100,synthetic
5,1,4,2,1,18,83,6,7,28,synthetic
4,3,1,5,1,18,18,2,4,24,synthetic
2,1,4,1,0,0,30,1,1,24,synthetic
6,2,4,5,0,0,83,1,10,95,synthetic
0.5,3,1,1,0,0,15,6,4,48,synthetic
2,3,3,4,0,0,98,6,1,24,synthetic
6,1,3,4,1,72,63,3,7,76,synthetic
5,1,3,3,1,72,26,4,7,64,synthetic
4,5,2,4,0,0,7,1,3,48,synthetic
4,4,2,3,1,18,31,1,4,24,synthetic
1,5,3,1,0,0,98,3,7,86,synthetic
3,2,3,5,1,48,81,7,7,58,synthetic
2,4,4,4,1,72,59,2,1,24,synthetic
3,1,2,2,1,12,76,2,4,30,synthetic
5,2,4,4,1,72,57,6,7,74,synthetic
2,3,2,3,1,48,59,3,14,52,synthetic
6,4,2,2,0,0,42,3,7,96,synthetic
2,5,1,1,0,0,87,1,14,112,synthetic
2,1,1,4,0,0,19,2,7,77,synthetic
2,2,3,3,1,48,15,4,4,46,synthetic
1.5,2,1,1,0,0,6,4,14,66.0,synthetic
6,3,3,4,1,18,86,2,10,36,synthetic
0.5,4,4,3,0,0,80,6,2,24,synthetic
0.5,3,2,5,1,72,7,6,3,48,synthetic
2,2,4,1,1,36,42,4,2,24,synthetic
0.5,2,1,1,0,0,27,2,1,24,synthetic
2,2,1,1,1,48,96,3,14,58,synthetic
0.5,5,1,2,1,24,1,7,7,22,synthetic
1,4,2,2,0,0,66,6,7,82,synthetic
1,1,4,5,1,6,14,1,5,12,synthetic
5,3,1,2,1,24,99,5,3,34,synthetic
5,5,3,3,0,0,37,7,3,48,synthetic
6,1,4,2,0,0,88,7,2,24,synthetic
3,5,2,4,1,72,89,7,3,48,synthetic
2,4,4,5,0,0,33,7,2,24,synthetic
1,2,4,2,1,6,79,4,1,16,synthetic
2,4,4,5,0,0,56,6,10,81,synthetic
1.5,5,4,1,1,18,32,4,2,16,synthetic
4,2,2,1,1,72,71,1,14,83,synthetic
0.5,3,1,1,1,36,91,1,4,48,synthetic
6,2,2,1,1,72,86,7,3,48,synthetic
4,3,3,2,0,0,64,3,14,79,synthetic
4,2,1,1,0,0,77,1,3,48,synthetic
4,3,1,3,0,0,58,1,10,104,synthetic
4,1,3,5,1,48,100,4,2,24,synthetic
0.5,2,1,5,0,0,76,6,4,48,synthetic
1,4,3,1,0,0,25,3,2,24,synthetic
0.5,1,2,4,1,24,48,6,10,22,synthetic
0.5,3,4,3,1,18,73,1,3,30,synthetic
0.5,2,2,1,0,0,43,2,10,63.0,synthetic
2,2,4,3,1,48,69,7,5,52,synthetic
3,2,2,3,1,18,50,4,2,16,synthetic
0.5,2,3,1,1,6,3,5,3,4,synthetic
5,5,1,3,1,36,11,7,7,34,synthetic
3,4,3,4,1,6,32,3,1,4,synthetic
2,5,3,2,1,48,1,6,3,46,synthetic
0.5,1,3,1,1,36,16,2,2,24,synthetic
4,1,2,1,1,6,90,4,10,16,synthetic
3,3,3,1,0,0,50,4,3,48,synthetic
1.5,2,4,3,1,18,37,3,10,16,synthetic
0.5,1,2,1,1,72,64,2,1,24,synthetic
5,2,4,5,1,18,74,5,4,22,synthetic
1,1,2,3,0,0,75,5,3,48,synthetic
3,3,4,4,0,0,49,7,10,68,synthetic
4,3,1,1,1,48,14,1,1,24,synthetic
0.5,5,3,4,1,36,25,6,7,34,synthetic
3,1,3,5,0,0,72,3,7,68,synthetic
2,2,1,4,1,6,97,4,3,16,synthetic
6,2,2,2,1,18,85,5,7,28,synthetic
5,4,3,1,0,0,54,4,1,24,synthetic
3,3,4,1,1,36,2,7,3,34,synthetic
6,1,2,4,1,48,73,2,5,60,synthetic
5,1,4,1,0,0,96,6,10,63,synthetic
0.5,4,4,2,1,18,15,4,1,16,synthetic
4,1,2,5,1,12,19,5,5,10,synthetic
5,1,3,1,0,0,39,4,14,58,synthetic
1,2,3,5,0,0,58,6,4,48,synthetic
1.5,4,1,4,0,0,11,7,2,24,synthetic
1.5,2,2,2,0,0,13,1,14,70.0,synthetic
6,1,4,4,1,24,3,1,2,24,synthetic
1.5,3,3,2,0,0,59,1,4,48,synthetic
0.5,5,1,5,1,36,71,2,2,24,synthetic
1.5,4,1,5,1,24,97,1,5,42,synthetic
1,1,1,2,0,0,99,5,10,71,synthetic
4,5,2,1,1,24,53,4,3,22,synthetic
6,2,3,3,1,72,33,4,3,48,synthetic
4,5,3,4,1,6,87,5,14,16,synthetic
2,1,3,2,1,12,44,6,10,10,synthetic
5,1,4,2,1,12,7,5,1,10,synthetic
0.5,5,3,3,0,0,82,2,2,24,synthetic
6,1,2,1,0,0,25,2,3,48,synthetic
5,3,1,5,0,0,71,2,5,114,synthetic
4,4,2,5,0,0,56,7,2,24,synthetic
1,5,3,4,0,0,83,1,7,103,synthetic
0.5,2,2,3,1,36,34,2,2,24,synthetic
1.5,1,1,1,0,0,5,1,7,66.0,synthetic
0.5,1,2,1,0,0,80,7,14,59.0,synthetic
1,2,1,3,1,48,16,3,2,24,synthetic
3,3,3,1,1,12,79,4,5,22,synthetic
1,1,2,5,0,0,35,2,10,69,synthetic
4,3,1,5,0,0,38,1,14,104,synthetic
3,1,1,5,1,12,74,1,1,24,synthetic
0.5,3,4,5,1,24,41,4,14,22,synthetic
2,2,2,5,1,48,69,6,2,24,synthetic
3,4,2,4,1,12,40,4,5,10,synthetic
2,5,1,5,1,6,85,5,4,16,synthetic
2,2,2,2,1,6,13,5,1,4,synthetic
4,3,2,2,0,0,73,2,4,48,synthetic
1,2,1,1,1,72,93,5,1,24,synthetic
5,3,3,1,0,0,82,2,10,94,synthetic
4,4,3,1,1,72,92,3,7,82,synthetic
4,3,4,1,1,6,66,3,10,10,synthetic
5,5,3,4,0,0,74,7,5,105,synthetic
3,4,3,4,0,0,99,1,4,48,synthetic
2,3,3,2,1,48,2,7,1,24,synthetic
0.5,4,3,2,0,0,56,7,2,24,synthetic
2,1,1,5,1,24,21,7,2,22,synthetic
1,4,3,2,0,0,97,4,14,81,synthetic
3,1,3,3,1,6,13,4,1,4,synthetic
3,3,3,1,1,72,44,7,1,24,synthetic
1.5,4,4,5,1,48,9,6,5,46,synthetic
6,1,2,1,0,0,22,2,7,77,synthetic
0.5,1,2,1,1,48,0,1,1,24,synthetic
6,4,1,3,0,0,57,6,14,112,synthetic
1,1,2,1,0,0,47,1,7,57,synthetic
5,1,1,5,0,0,74,3,2,24,synthetic
1,5,4,5,0,0,2,5,14,79,synthetic
1,3,3,3,1,6,55,3,10,4,synthetic
2,2,1,1,0,0,3,5,5,68,synthetic
4,4,3,1,0,0,9,2,7,86,synthetic
1,5,2,4,0,0,3,6,14,90,synthetic
6,1,3,2,1,12,33,5,4,10,synthetic
0.5,2,2,1,1,18,82,2,2,24,synthetic
1,1,2,4,1,72,55,4,14,58,synthetic
6,2,1,4,1,36,27,7,3,34,synthetic
1.5,1,2,1,1,24,88,1,5,42,synthetic
1,4,2,4,0,0,21,7,3,48,synthetic
1,5,1,1,1,48,94,3,1,24,synthetic
1.5,3,1,5,1,36,68,6,7,40,synthetic
1.5,2,4,2,1,72,10,3,14,48.0,synthetic
2,2,2,2,1,36,11,6,4,34,synthetic
6,3,1,3,1,48,74,1,10,60,synthetic
1,4,2,1,1,72,55,7,7,70,synthetic
3,4,4,4,1,12,53,6,10,10,synthetic
3,5,4,2,0,0,62,1,5,92,synthetic
1.5,1,1,3,1,36,26,6,3,34,synthetic
6,3,1,3,0,0,60,4,5,104,synthetic
5,1,1,5,1,6,57,1,14,18,synthetic
6,2,2,3,1,18,96,5,5,28,synthetic
0.5,1,4,5,1,18,39,3,10,16,synthetic
6,3,4,2,0,0,43,1,10,82,synthetic
3,3,2,5,1,24,98,5,5,34,synthetic
0.5,2,1,3,1,6,46,5,4,4,synthetic
4,2,1,4,1,48,34,4,7,46,synthetic
1.5,3,2,3,1,48,59,6,5,52,synthetic
1.5,4,1,1,1,18,100,1,5,36,synthetic
1,2,1,2,1,12,93,1,4,30,synthetic
3,1,4,2,1,36,47,4,2,24,synthetic
0.5,1,2,3,0,0,88,1,4,48,synthetic
4,3,1,2,0,0,4,2,1,24,synthetic
1,2,1,2,0,0,8,1,10,75,synthetic
4,4,1,5,0,0,44,6,2,24,synthetic
1.5,2,4,2,0,0,91,4,7,60.0,synthetic
1.5,2,4,4,0,0,21,5,7,54.0,synthetic
1,2,1,3,1,24,94,3,2,24,synthetic
0.5,4,3,5,0,0,33,7,5,76.0,synthetic
3,1,3,2,1,6,77,7,7,16,synthetic
1,2,3,3,0,0,63,5,2,24,synthetic
2,5,4,3,1,48,9,6,5,46,synthetic
2,4,3,3,1,48,85,2,4,48,synthetic
5,4,4,5,0,0,90,1,10,107,synthetic
2,5,1,4,0,0,59,1,7,115,synthetic
2,2,4,1,1,36,24,5,1,24,synthetic
2,3,1,1,1,36,0,2,14,42,synthetic
0.5,1,1,3,1,48,66,1,3,48,synthetic
1,4,3,1,1,12,62,7,2,16,synthetic
4,2,2,4,0,0,92,2,10,98,synthetic
4,2,2,3,0,0,92,2,10,95,synthetic
1,3,4,3,0,0,86,5,1,24,synthetic
3,3,1,5,0,0,19,5,2,24,synthetic
1,1,2,4,0,0,16,3,5,58,synthetic
1,4,3,4,0,0,13,4,5,75,synthetic
0.5,1,3,3,1,24,13,5,2,22,synthetic
6,1,3,3,1,36,51,4,3,34,synthetic
5,2,1,2,0,0,45,6,5,83,synthetic
4,2,4,4,1,6,55,1,3,12,synthetic
6,4,3,3,1,36,97,2,10,54,synthetic
5,5,3,2,1,12,12,2,5,18,synthetic
2,4,2,4,1,48,14,3,7,46,synthetic
4,5,3,3,1,18,3,4,4,16,synthetic
0.5,3,1,1,0,0,31,3,10,70.0,synthetic
3,2,4,2,1,48,72,3,5,52,synthetic
0.5,3,2,5,0,0,45,7,2,24,synthetic
1,2,3,5,1,48,69,4,3,48,synthetic
3,3,2,1,1,6,75,2,3,18,synthetic
4,5,3,1,1,48,58,5,10,52,synthetic
2,3,2,2,1,12,52,5,3,10,synthetic
4,5,4,4,0,0,42,4,5,88,synthetic
1,4,1,2,0,0,78,3,1,24,synthetic
4,5,1,2,0,0,0,7,14,103,synthetic
2,4,2,4,0,0,71,2,3,48,synthetic
6,4,1,2,1,6,68,7,7,10,synthetic
4,5,3,4,1,48,27,3,10,46,synthetic
2,1,3,1,0,0,29,5,5,46,synthetic
1,1,3,3,1,24,65,5,1,24,synthetic
1,4,3,4,1,6,21,7,3,4,synthetic
5,2,2,2,1,24,52,6,7,22,synthetic
4,2,3,4,1,36,91,6,14,46,synthetic
5,1,1,2,1,36,0,7,10,34,synthetic
0.5,5,4,2,0,0,28,6,14,68.0,synthetic
3,5,2,4,0,0,77,1,2,24,synthetic
0.5,5,3,5,1,36,11,5,7,34,synthetic
2,1,1,5,0,0,50,7,2,24,synthetic
2,2,1,1,0,0,3,4,14,68,synthetic
6,1,1,5,1,36,11,5,4,34,synthetic
4,1,4,5,1,18,26,4,4,16,synthetic
4,2,3,3,1,18,57,1,1,24,synthetic
5,4,3,3,0,0,92,5,7,100,synthetic
2,3,2,4,0,0,6,2,7,86,synthetic
6,2,1,1,1,24,27,5,4,22,synthetic
2,1,3,5,1,6,10,2,4,12,synthetic
0.5,2,2,2,1,18,0,4,4,16,synthetic
2,1,4,5,0,0,51,5,1,24,synthetic
1.5,5,4,5,0,0,9,3,1,24,synthetic
